Name,Age,Job_switches,Career,Education,Experience
bYjdDCoEfw,21,1,Web developer,PhD,29
cRWKwUqwGd,35,5,Senior Systems Engineer,Masters,23
IaXcUljgva,37,0,Web developer,Bachelors,29
cqCOxdWrlA,40,3,Software Engineer,Masters,4
ENRmsYuVXC,60,4,Data Scientist,Masters,20
UXmkEIVmOE,30,6,DevOps Manager,Masters,22
LgaxSLfPfR,34,4,UX/UI Design Lead,PhD,34
OAkJoHDNIL,59,2,Technical Project Manager,PhD,37
SSzqLNHJuu,38,2,UX/UI Designer,Bachelors,25
jPegfysCxB,59,6,Senior Systems Engineer,Bachelors,40
wBJXekcMgi,34,3,Product Manager,PhD,3
PXYbqUACCH,25,0,DevOps Manager,PhD,24
TyvcaMaqtN,32,4,UX/UI Design Lead,Bachelors,16
QScazETzOM,48,5,UX/UI Design Lead,Bachelors,27
AYrguGQOiY,31,6,Systems Engineer,Bachelors,33
immgcbCrfJ,38,4,Senior Systems Engineer,Bachelors,33
hVuELFRNPS,42,4,Senior Systems Engineer,Bachelors,8
nmKOaqERBs,56,3,Senior Systems Engineer,Masters,38
ZkWfjrAUxa,22,1,Systems Engineer,Masters,22
ENcvAYYjwt,58,1,Engineering Manager,Masters,34
DuTVVRktwN,33,5,UX/UI Design Lead,PhD,0
BoePKbStKl,24,2,Data Scientist,PhD,16
RCGfoqwZwx,27,2,UX/UI Design Lead,Bachelors,22
JVBffJNiUW,23,5,Data Analyst,Masters,17
XPYNhivQdw,33,0,Senior Systems Engineer,Masters,23
LLBBhUuJzJ,45,2,Data Analyst,PhD,40
VPJrbBJTNW,35,2,Engineering Manager,Masters,13
ZQCKlHtToP,60,3,Engineering Manager,Masters,25
QKLItTVTGy,21,2,Data Scientist,Bachelors,23
zwCHwAXzXx,44,6,Data Scientist,Masters,37
KWeKLzrAoa,39,0,Product Manager,Bachelors,32
XAcgOGcykY,23,3,Data Scientist,Bachelors,7
PHuBMKNxKf,23,4,DevOps Manager,Bachelors,25
HHNErQhuZP,60,6,Technical Project Manager,Bachelors,40
LWfRIemaRT,57,5,Data Scientist,Bachelors,36
XliQSiBoXS,55,0,UX/UI Designer,PhD,5
zSlGhXcKXM,59,1,Engineering Manager,Masters,33
DDXjPONuIe,22,4,UX/UI Designer,Masters,3
NRLNMuvNJI,33,0,Data Analyst,Bachelors,24
SuOfPNnBSG,38,6,DevOps Engineer,Bachelors,25
oJXwebkvQb,51,6,DevOps Engineer,PhD,27
xThWWiAqQd,22,4,Technical Support Specialist,Masters,14
oaaBnEuZHo,32,4,Technical Support Specialist,Bachelors,0
lnXuHNrYNb,55,5,UX/UI Designer,Bachelors,39
cxInflMprE,20,6,Web developer,PhD,18
FhqFZyAGsa,40,4,DevOps Engineer,PhD,8
OnfEeMctEf,41,5,DevOps Manager,Masters,28
myfubQxCOU,24,0,DevOps Manager,PhD,30
ZblnaXegOr,31,2,Engineering Manager,Masters,4
FrAqkNUjvG,34,6,Engineering Manager,Masters,6
GNchwGqCWj,53,3,DevOps Manager,PhD,19
XTMcgoCfDw,54,0,Engineering Manager,Masters,33
dmCQTTGpTb,24,6,DevOps Manager,Bachelors,23
HgYHbUshWd,20,4,Software Engineer,Bachelors,2
zkdiMvrvEJ,20,6,UX/UI Design Lead,Masters,21
szDJIIQZRm,24,0,UX/UI Designer,Bachelors,15
qeBnphvPbw,33,2,Technical Project Manager,Masters,1
QaRYmcKoqn,57,6,DevOps Engineer,PhD,5
XqdWQcNJyy,51,4,Systems Engineer,Bachelors,18
pApuDsJTcc,23,5,UX/UI Design Lead,Bachelors,35
kKGiLJikrB,54,2,DevOps Manager,Masters,13
IjbJNestbB,20,2,Technical Project Manager,Bachelors,30
tUzwipOKeQ,37,2,Technical Project Manager,Masters,16
RpcnTDbIEH,25,1,Web developer,Masters,10
EIGgeIrfZs,22,6,Systems Engineer,Masters,35
bwDxqWhoZj,23,3,Web developer,Bachelors,8
vqCOCyrUQJ,20,1,Software Engineer,PhD,37
dadeangiGV,28,5,Data Scientist,PhD,9
dvIPPoEXzW,39,3,Software Engineer,Bachelors,6
bAweYcvqLQ,55,5,Technical Support Specialist,PhD,8
YfquNKcHhD,48,3,Systems Engineer,Bachelors,39
JcwJVdVlmF,59,6,Technical Project Manager,Masters,4
HzFvErefHN,39,4,Senior Systems Engineer,Masters,31
eGoMljjvCV,21,0,Engineering Manager,Bachelors,22
hMzKyspfNF,43,2,Web developer,Masters,30
TzERYLmmPl,45,3,Senior Systems Engineer,Masters,22
FDXTGmzJVn,21,1,Web developer,PhD,30
rHzmbCDwva,59,6,UX/UI Designer,Bachelors,23
IIKDIAlMNn,36,6,Software Engineer,PhD,17
NYIBxDDLLr,47,6,Systems Engineer,Bachelors,10
TLjZJkAnZZ,26,1,Data Analyst,Masters,27
cVeaXWkJNN,43,4,Web developer,Bachelors,29
eMlMPSDOpU,49,3,UX/UI Design Lead,Bachelors,40
dzGnjGLjxK,36,2,Web developer,Bachelors,10
YmRbBivDHJ,56,1,DevOps Engineer,Bachelors,39
NlKuvrVNiK,23,0,DevOps Manager,Bachelors,23
peIHDpLLBX,60,0,Senior Systems Engineer,PhD,27
IgWuTULMAU,40,1,Data Scientist,Masters,3
HRxWKZiNgF,49,1,Data Scientist,PhD,28
aaSvwCXrWR,50,5,UX/UI Design Lead,Bachelors,18
enQCjOhiQx,48,6,Data Analyst,PhD,8
VnpFNEYTLl,33,3,Product Manager,PhD,20
CBelJpdizm,56,2,Senior Systems Engineer,Masters,40
JQgEBrQTWo,32,2,DevOps Manager,Masters,1
BfddfldscA,33,1,Technical Project Manager,PhD,37
sFOkOpMkhH,30,6,Product Manager,Masters,20
MWGpvcEXGs,38,0,Technical Support Specialist,PhD,29
akcOHNEYrl,56,5,Software Engineer,Masters,31
khvMeGvFKy,32,1,Engineering Manager,Bachelors,11
EZojmNjgux,51,0,Senior Systems Engineer,Bachelors,39
yTHtqWqIfC,31,1,Technical Support Specialist,Masters,21
LWDDZdmBoH,33,0,Web developer,Bachelors,36
FGqkCUEPud,42,0,Technical Project Manager,PhD,38
qzstbZImTo,44,6,Software Engineer,Masters,12
zOLsVOwJSJ,49,4,UX/UI Design Lead,Bachelors,16
NodugdcKKk,21,1,Product Manager,Masters,29
hyTBjYLugS,52,0,Technical Project Manager,Masters,35
vKOkQQROLu,57,5,UX/UI Design Lead,PhD,11
YdFQPvVjVR,48,2,DevOps Engineer,PhD,39
hjbRxCdvKF,36,5,DevOps Manager,Bachelors,26
fUdpnDUfKi,55,6,Data Scientist,Bachelors,5
ufvChHGggv,45,0,DevOps Manager,Masters,1
pvxYBizmSj,34,6,UX/UI Design Lead,Masters,23
GXiehydBGi,34,5,Technical Project Manager,Masters,38
KtqIlEHuuw,55,4,Software Engineer,PhD,13
VREehAfuhC,54,3,Systems Engineer,Masters,1
jOPKWxRsNW,56,3,Product Manager,Masters,3
eBJtIqubnp,20,3,Systems Engineer,PhD,4
bXbICsXaKP,56,5,DevOps Manager,Bachelors,12
jZWgnuqdfB,58,6,DevOps Manager,Masters,13
HlqRGdVzAF,52,2,Software Engineer,Masters,27
fcXXsawwcp,30,1,Systems Engineer,PhD,14
tsTEHfsziG,59,6,Software Engineer,Masters,30
MyGMYuYCHw,36,1,Data Analyst,Masters,40
PlEnIkiKoG,25,4,Technical Support Specialist,Masters,19
MfYIWSdbYv,60,6,Data Scientist,Bachelors,36
AOTGfsgVnv,57,6,Technical Project Manager,PhD,21
XAefWxvnLG,42,2,UX/UI Designer,Masters,31
YgJnyqYftf,59,6,Web developer,PhD,17
EcZYGLakeJ,39,6,Software Engineer,Bachelors,0
mlycMfMtbS,24,3,Web developer,PhD,21
NoUuAOukzX,54,4,Technical Project Manager,Masters,21
qFaTUGRwKm,54,4,Senior Systems Engineer,PhD,20
lccsivQrAp,43,4,Systems Engineer,PhD,40
AZfLroTLTJ,26,3,DevOps Manager,PhD,33
PhwWhZvQLZ,56,3,Web developer,PhD,33
UMlQTzzFWo,51,4,Data Scientist,PhD,14
vftiXNBfjL,48,3,Technical Project Manager,PhD,13
fYwcnEclSb,53,3,Systems Engineer,Bachelors,23
tVNcuqoJRu,20,5,Product Manager,Masters,2
gNQFaRecpE,32,5,Data Scientist,PhD,27
ObZWBiNaeh,29,5,Web developer,Bachelors,19
twPEJPXQhE,41,6,Web developer,PhD,34
UQWpREnKRb,25,0,UX/UI Designer,Masters,32
QuwUUoXwMT,40,2,UX/UI Design Lead,Masters,28
GaCFsmqNVT,48,3,DevOps Manager,PhD,29
CAwIpAUlKE,31,1,Data Scientist,Bachelors,21
DBNJqwhBNd,54,1,Product Manager,Masters,3
eWDuDuDjBt,20,0,UX/UI Designer,Bachelors,33
PeVbpNxVLi,26,0,Software Engineer,Masters,40
LQtQakljtG,41,4,Data Scientist,PhD,0
eXRuXbiNrm,46,4,DevOps Engineer,Bachelors,10
YXWQSQeRbB,32,0,UX/UI Designer,Masters,30
YrvkNUnLjM,51,1,Engineering Manager,Bachelors,37
hLceIcUbSO,42,1,DevOps Manager,PhD,25
DNILFIlqqe,56,0,Engineering Manager,Masters,18
QvaLAHRVFI,50,0,UX/UI Designer,PhD,24
KvvQkcJyCX,37,5,DevOps Engineer,PhD,22
zaCTeYTEwc,47,1,DevOps Manager,Bachelors,9
DZBTCdQEXD,27,2,Engineering Manager,PhD,26
KUcBsUDIot,47,2,Senior Systems Engineer,Bachelors,32
ABnyFLMGyN,49,3,Data Scientist,PhD,37
yLDanNvzfI,59,1,Web developer,Masters,13
YynuRQHXzs,49,3,Data Analyst,PhD,6
SMhoONbueO,21,3,DevOps Manager,PhD,21
aWhsfftalw,34,6,Senior Systems Engineer,Bachelors,18
HFHlvjmTkI,49,5,UX/UI Designer,PhD,19
mGWEjiDunP,57,5,Data Analyst,PhD,23
FyEbpbpEQq,27,2,Data Scientist,Bachelors,31
GfxQqTbUYy,32,6,Data Scientist,Masters,27
yiqbylenPV,48,1,Product Manager,Bachelors,18
ycrtoqZltK,27,4,Data Analyst,PhD,4
WnmYPMSQAY,33,3,UX/UI Design Lead,PhD,7
STJmyPNEFy,59,2,Technical Project Manager,Masters,5
sJbFZIUyCI,23,1,DevOps Manager,Bachelors,37
BBIDsJNHhK,47,6,DevOps Manager,Masters,2
wTSePTTNHx,56,5,UX/UI Designer,PhD,2
PQzWynsznv,50,4,Software Engineer,Bachelors,14
UlYUPBTJnN,29,4,UX/UI Designer,Bachelors,1
yJroPrNpkg,40,2,Web developer,Bachelors,2
PXfCUWJort,26,1,Systems Engineer,Masters,11
FAPniOTbzb,55,6,DevOps Manager,Bachelors,12
TQmRHkVWlG,52,4,DevOps Engineer,Masters,26
FcAkgHxGDM,47,2,Technical Project Manager,PhD,19
lujbyafrbU,48,3,DevOps Engineer,PhD,8
gfUJJbXlqT,60,1,DevOps Manager,Bachelors,36
VCVqyuFlIL,46,1,Engineering Manager,Masters,16
JHqOmawHfw,60,2,Senior Systems Engineer,PhD,37
ZChPEzRLnA,58,1,Technical Support Specialist,Bachelors,38
DQWPYhsGag,60,0,DevOps Engineer,Masters,28
TSOiIVoiGX,21,0,UX/UI Designer,Masters,14
LvSQqvjVpe,58,0,DevOps Engineer,Bachelors,37
fXeGXGWujz,31,0,Web developer,PhD,12
govHBjkgpM,46,6,UX/UI Design Lead,Masters,15
zvuEQrNtIB,26,3,Engineering Manager,Bachelors,8
ogAnaIxvnQ,26,4,DevOps Engineer,PhD,1
ZsXIznzEpG,28,2,Senior Systems Engineer,PhD,15
ZWvQYZXFlm,48,4,Web developer,PhD,10
rNWmXrseiF,46,4,Technical Support Specialist,Bachelors,25
cvCdtuIUMu,43,0,Product Manager,Masters,13
aWpfBFzJwf,56,3,Technical Support Specialist,Masters,28
QZvjbvVEEz,30,1,Senior Systems Engineer,PhD,7
qZXXergldT,28,3,Data Scientist,PhD,24
cwgQHHTYTC,60,2,Data Scientist,PhD,36
dsSjTMjPwd,43,0,Data Scientist,Bachelors,40
KNchIhqYuM,32,3,Web developer,Bachelors,0
CLNrMhHClU,60,4,DevOps Engineer,Bachelors,33
lzYHfEjLFZ,53,0,UX/UI Designer,PhD,2
AOpxHwjpNq,34,4,Software Engineer,Bachelors,26
TdmMFGRLXV,28,2,Engineering Manager,Bachelors,6
lVeZpMTnIb,27,1,Data Scientist,PhD,34
ZhAjVOoahD,40,3,Web developer,Bachelors,23
aiQlBDnacf,34,3,UX/UI Designer,Bachelors,14
hMOkiSbIug,51,0,Technical Project Manager,Bachelors,6
UDGAtApawS,22,5,UX/UI Designer,Bachelors,1
oVBzLbMLvt,31,2,Senior Systems Engineer,Bachelors,33
aHxAwrcOnx,60,1,Senior Systems Engineer,PhD,40
GLQkLBiHqe,34,6,Software Engineer,Bachelors,2
bYnJuAMFji,56,5,Systems Engineer,PhD,1
yBVbffwcQl,33,0,Engineering Manager,PhD,35
bFHCEwjdoN,52,3,Web developer,PhD,27
FgJbdwvwDu,60,5,Engineering Manager,Masters,17
EeLDiKdfmS,24,0,Technical Project Manager,Bachelors,7
ftjuBDKKSW,57,5,Systems Engineer,Masters,33
viMLLtIzgu,60,3,DevOps Engineer,PhD,21
fGbKzgqwut,39,0,Technical Project Manager,Bachelors,9
DoWiFAZYbh,35,4,Technical Project Manager,PhD,11
hUKepovDUQ,26,4,Technical Project Manager,Bachelors,28
AzZQAqGSqP,57,3,DevOps Engineer,Masters,6
FZJgWqASQJ,46,6,UX/UI Designer,Bachelors,2
NBnVQAwciN,25,6,Systems Engineer,PhD,18
AziHZUbBZs,22,1,Product Manager,PhD,16
rfoUTmSeQv,33,1,Software Engineer,Masters,8
imKIWATgpV,58,5,UX/UI Designer,Bachelors,29
qQlIPAGINw,44,5,UX/UI Design Lead,Bachelors,4
rHconMPzGB,20,2,Technical Support Specialist,Bachelors,36
ZiJDbfMuyu,47,2,UX/UI Designer,Bachelors,32
xLjWwdDduq,54,0,UX/UI Designer,PhD,10
ElOjBROenJ,47,2,Data Analyst,Masters,6
KZzoyYrOpS,29,5,Data Scientist,PhD,14
KdnBhMHQkC,24,3,Data Analyst,Bachelors,32
ZutQNFoFUX,54,6,Data Scientist,Bachelors,39
tWwgFUdJuS,26,6,Technical Support Specialist,Masters,24
qQhVVrBtKz,33,0,DevOps Engineer,Bachelors,21
XHLwweNOyg,43,1,Technical Support Specialist,PhD,18
CsmkrOovkF,22,4,UX/UI Designer,Masters,16
rIsXbumeGm,36,6,DevOps Engineer,PhD,13
QCUmUWTWnC,23,3,Software Engineer,Masters,26
FpoxPmBhJX,59,0,Technical Support Specialist,PhD,3
zLbsMuGXaS,52,4,Systems Engineer,PhD,8
RKQfhhdboS,32,1,DevOps Engineer,Masters,40
WUILRpjJwU,45,4,Data Analyst,Masters,25
cOlGcfQZgY,52,5,Data Analyst,Bachelors,16
gbvuAKMFEA,38,6,Systems Engineer,Bachelors,11
BBpgwVzYIw,21,5,UX/UI Designer,PhD,16
nqoWmWmcmU,60,1,Product Manager,Masters,37
sijmPrPmlP,53,6,Senior Systems Engineer,PhD,32
ufyvllmpbc,49,5,Technical Support Specialist,Masters,13
jACeOKuVwN,39,2,Technical Support Specialist,PhD,24
mGIqCazylf,58,0,Technical Support Specialist,PhD,1
GwJhmFnRzR,30,0,Engineering Manager,Masters,25
oNkiUcjCkV,38,2,DevOps Manager,Bachelors,10
tDdyBxJBMP,36,3,Data Analyst,Masters,19
LtmIkcxnmP,56,1,Data Scientist,Bachelors,9
vsplVXnpJw,28,2,UX/UI Designer,Bachelors,5
lIabiFpIkY,53,4,Technical Project Manager,Bachelors,28
LCxTVeeajp,56,4,UX/UI Designer,Bachelors,5
ATzrHYAxLW,20,1,Systems Engineer,PhD,31
xmvCwxjEJI,25,3,UX/UI Design Lead,PhD,38
IJzwRQnKRO,53,6,Systems Engineer,PhD,22
JyCEfaCAOy,30,1,Data Scientist,PhD,26
mLTTLwWgAl,57,4,Technical Support Specialist,Masters,22
qLukTbhtut,43,1,Technical Project Manager,Masters,31
FmCCdWFGhm,25,0,Data Analyst,Bachelors,19
sbETkGLzAO,35,0,Data Scientist,PhD,3
wQiYCcYVys,38,6,DevOps Manager,Masters,25
rFrwksQwFg,34,5,Systems Engineer,Bachelors,3
RbEvJADQea,46,1,DevOps Manager,Bachelors,21
TqQVIGhiry,36,1,Engineering Manager,Masters,13
DHuYyHQkuj,25,1,Senior Systems Engineer,Masters,6
obfrSvALqa,35,6,Product Manager,Masters,1
sPQZTIyWsH,48,6,Engineering Manager,PhD,0
BLLUfeoyQm,26,3,Product Manager,Masters,31
BvqZkbUnSP,40,5,Senior Systems Engineer,Masters,37
WHuudcTYYf,57,6,DevOps Manager,Masters,1
SnQkSGqJDZ,22,4,Data Analyst,PhD,11
sEjdEVeVON,41,2,Senior Systems Engineer,Bachelors,40
qgdGTgAhty,55,5,Product Manager,PhD,7
PSMbBArsvf,53,5,DevOps Manager,Masters,1
QtTwhzGJYl,51,1,Engineering Manager,Bachelors,12
PKYBQzFJEi,58,2,UX/UI Designer,Masters,7
TSCzscjBhf,50,2,UX/UI Design Lead,Bachelors,26
xgbZfOCmLR,20,1,UX/UI Designer,Masters,8
fizYZYBroG,59,1,Software Engineer,Bachelors,3
VOeKhhGvKI,58,3,Engineering Manager,Masters,29
ETwDZBMdpw,25,0,Data Analyst,Bachelors,15
FGqeWKydJQ,49,2,DevOps Engineer,PhD,27
qbTZxhgcaq,52,4,DevOps Engineer,PhD,11
aVtWBIekHJ,53,1,DevOps Manager,Bachelors,3
QFhegZDLuZ,25,6,DevOps Engineer,Bachelors,8
wyxfZRaFWq,48,5,Technical Support Specialist,Bachelors,3
RfhEOxDszg,46,0,Technical Project Manager,PhD,22
pQHnmCIXVm,38,0,Data Scientist,Bachelors,13
dmKePEOzUc,60,3,Software Engineer,Masters,13
GhvXSFgvrD,49,6,Engineering Manager,Masters,30
QLBCrPHuCa,22,1,Technical Support Specialist,PhD,36
lZOOAyJCMc,46,5,Data Analyst,Bachelors,39
ciqMVCYTpe,34,2,Senior Systems Engineer,Masters,11
HfqtPHKbBF,39,0,Engineering Manager,PhD,1
ErgcBGlsej,44,3,Technical Support Specialist,Masters,36
ZPkugaMNXb,47,0,Engineering Manager,Masters,23
boawiCRWHU,36,3,Engineering Manager,Bachelors,36
ZELIVhgyaQ,25,1,Product Manager,Bachelors,18
FHqrJjSxXy,33,0,Data Scientist,PhD,3
DUMbGrtCyu,51,3,DevOps Engineer,Masters,12
VWVPHjjtUW,23,1,UX/UI Design Lead,Masters,36
BdJAfaYcwC,44,5,Technical Support Specialist,PhD,23
UYCuxPaicb,32,0,DevOps Engineer,PhD,38
BOffOlMPjV,32,5,Technical Support Specialist,PhD,27
ORrMiCxUKt,46,0,Technical Support Specialist,Bachelors,16
EskHbboJBx,36,0,Data Analyst,Masters,29
NvlMGvaHPN,47,6,Data Scientist,PhD,26
BNAmdneENC,43,4,UX/UI Designer,Masters,30
iWGqnaPrgY,32,5,Web developer,PhD,34
AlwcfXejJw,59,2,Software Engineer,Bachelors,6
hzeyKTFeMn,54,5,Engineering Manager,PhD,28
ffvQQzBNJs,45,4,Software Engineer,PhD,40
YPljYJoinF,49,3,Technical Support Specialist,PhD,20
LLqFmRbSJD,43,0,DevOps Engineer,PhD,36
ClGjqipcjC,51,0,Data Scientist,PhD,12
GxpXZUizlV,34,5,Data Scientist,PhD,12
oYTqhqTnHb,50,6,UX/UI Designer,Masters,25
vYITrZpJKs,37,4,Engineering Manager,PhD,40
BvDbFVBwzX,55,3,Systems Engineer,Masters,21
PcohmdbNMD,30,1,Engineering Manager,PhD,14
GzsJBaetLA,31,6,Software Engineer,PhD,14
QqFNRcaDYw,31,1,Engineering Manager,Masters,20
yLWjcgrwtM,60,1,DevOps Manager,Bachelors,9
iPEEtquXaT,25,3,Product Manager,PhD,23
FwyguuQFnx,38,5,Senior Systems Engineer,Masters,12
AJYRjEastG,40,6,Technical Project Manager,PhD,12
rmwhOTDnfx,49,6,UX/UI Design Lead,Masters,18
YVIasWoBdk,54,6,Technical Support Specialist,Masters,37
qCrXjneNJq,38,3,Web developer,Masters,36
yCvaGSGrGy,46,4,Senior Systems Engineer,Masters,29
gvnoLmXkbl,39,4,DevOps Engineer,PhD,15
FzOTBVVljq,47,0,UX/UI Designer,PhD,32
lfmIVMvylu,48,2,DevOps Engineer,PhD,26
VIFaaOvtIg,49,0,DevOps Manager,PhD,18
kPWgwEvGtz,56,1,UX/UI Design Lead,Masters,34
PJMNKndrsr,35,5,Senior Systems Engineer,Masters,5
dDoZKHvjzP,51,5,Product Manager,Masters,39
KimtcqifTY,22,5,DevOps Engineer,PhD,14
EdZpQGlvlz,46,0,Data Analyst,Bachelors,19
ynkfAYWOfD,21,1,Product Manager,PhD,28
SdtkXaLKiY,21,0,Senior Systems Engineer,PhD,26
kagrNAAyFm,50,0,DevOps Manager,PhD,22
uNwJfcbahB,20,6,Software Engineer,Masters,4
FWiBJukUky,31,6,Product Manager,Masters,24
LbFTPTUCli,51,3,Data Scientist,Bachelors,16
gcpIsguyTr,34,1,DevOps Manager,Masters,12
mdkrDNXkFq,42,1,Data Scientist,Masters,12
hdeNwkRfRo,42,5,Engineering Manager,Bachelors,28
wdTtLoBOYS,52,5,DevOps Manager,Masters,15
rCZjouxAEB,25,0,UX/UI Designer,Bachelors,14
MSHePFAZAq,31,4,UX/UI Designer,Masters,14
dcQgaOYkwY,53,5,UX/UI Designer,Masters,20
lpjMTAOsGS,55,2,Data Scientist,PhD,23
PQULrEFhet,43,6,DevOps Engineer,PhD,4
FFCSUEdsFo,25,2,Technical Project Manager,Bachelors,36
nOyvQvjyKt,20,0,Technical Support Specialist,Bachelors,21
rjYeMAYmjY,26,5,DevOps Manager,Masters,30
jQTvETRaKM,42,2,DevOps Manager,Bachelors,15
FPzmzPAYvJ,60,5,Data Scientist,Masters,28
JzfjlJGlVX,27,4,UX/UI Designer,Masters,36
rtCOJwFAUm,43,5,UX/UI Designer,Masters,36
gVtcHsxpkT,43,5,Technical Project Manager,PhD,39
WMxGJrwGWB,26,6,DevOps Engineer,Masters,21
YuRDtjXdLK,39,5,Data Scientist,PhD,26
lyDuKKxLwy,54,1,UX/UI Design Lead,Masters,36
djRhDNMWLG,45,5,Data Analyst,PhD,3
JraSTogQzB,35,0,Senior Systems Engineer,Bachelors,32
zfWWQEUGnd,26,3,Technical Support Specialist,PhD,32
quNtXTiIcM,26,2,Web developer,Masters,37
GClBsAEreW,50,1,Software Engineer,Bachelors,38
lVprirutSH,28,3,Data Scientist,PhD,31
ChliGZCMUw,34,4,UX/UI Design Lead,Bachelors,36
eEkAJMKeBr,33,1,Data Scientist,Bachelors,26
aZBgaRpQCq,23,2,Product Manager,Masters,29
GraISDSVub,42,5,Systems Engineer,PhD,25
VRIVSndInU,47,0,Technical Project Manager,Masters,38
UPtzEfLaQy,24,2,UX/UI Design Lead,PhD,7
aajPSAruhM,40,5,UX/UI Design Lead,Masters,31
gEBrttpsxZ,32,0,DevOps Engineer,PhD,8
COQuyHBvAV,23,5,UX/UI Designer,PhD,22
nIQtcwrmdz,33,5,DevOps Manager,Bachelors,35
nqzSyIsnCn,31,5,Data Scientist,Bachelors,6
ONaGjBLiiw,51,0,Technical Support Specialist,Masters,10
fvCvUIXHmP,39,5,Software Engineer,Bachelors,5
VyrGhGnmAR,32,0,Senior Systems Engineer,PhD,30
jCwFHKIgwk,51,1,Data Analyst,PhD,31
QAUJrEJQZB,53,3,Systems Engineer,Masters,11
iAjyiCjVoe,27,3,Data Analyst,Bachelors,23
THJhAmBJhq,47,3,Engineering Manager,PhD,13
TUGSkeInTw,37,2,Product Manager,Bachelors,28
IuQxLXdgwz,37,4,UX/UI Designer,Masters,26
HUoRTvwynS,57,0,UX/UI Designer,Bachelors,17
rLHxOcPPbq,26,4,DevOps Engineer,Masters,11
lAkceZbMwQ,28,4,Systems Engineer,Masters,32
uSnxjjRnpU,40,5,Software Engineer,Bachelors,30
FcbSymbryL,27,0,Engineering Manager,Bachelors,21
xAQTaPWRqi,49,4,Senior Systems Engineer,Bachelors,19
PNuQhYtVDj,21,6,Data Scientist,PhD,9
LadBcuXjOh,34,6,Data Analyst,PhD,19
AGACawqNep,23,5,Product Manager,Masters,35
MHSnMvrurx,28,0,UX/UI Designer,Masters,39
tKAcxhAVpx,36,2,DevOps Manager,Masters,11
aKlSTQElPU,57,2,Data Scientist,Bachelors,31
RfpeUsEIdp,27,3,Engineering Manager,Masters,3
EPTqvyAhDJ,42,4,Technical Support Specialist,Masters,19
cPSAVfeEgj,38,1,DevOps Manager,Masters,14
sgkRxMFFuo,31,0,Web developer,Masters,6
ZyYJhrDmCg,25,4,Software Engineer,PhD,28
EFEictrwaz,57,4,Software Engineer,Bachelors,27
iRWvgOGhXn,25,5,Technical Project Manager,Bachelors,16
WTBTheRqlx,48,4,DevOps Engineer,Bachelors,2
dHfAvLhfJu,20,3,Web developer,Masters,0
tzFzhDPtoK,29,3,DevOps Manager,Bachelors,27
ftmnvgkoFw,60,5,Software Engineer,Masters,12
BhqRNyhvax,43,0,Technical Project Manager,PhD,21
OzPmuASvJK,51,6,Data Scientist,Bachelors,17
WoucCifiRS,39,4,Product Manager,PhD,27
QoYDPeuOwH,20,3,UX/UI Design Lead,Masters,22
GjkgSIYYDG,54,4,Software Engineer,Bachelors,36
cWnKggtMWk,56,1,Software Engineer,Masters,39
VCZCsNUZtk,46,6,Product Manager,Masters,21
vOohwkWvSZ,36,4,Web developer,Masters,37
CRSvFKXAzg,50,4,DevOps Engineer,Masters,2
GEHcxangJq,51,6,DevOps Engineer,PhD,26
eGyGPjEnAQ,53,4,UX/UI Designer,Bachelors,39
gTImpRYqxQ,23,3,Engineering Manager,Masters,11
YLNSUqmOyi,24,2,Data Analyst,Bachelors,36
nchjiNCayj,34,5,Product Manager,Bachelors,5
qpkOZNteUY,23,4,DevOps Engineer,Masters,4
yiRVvaVTaa,44,5,Product Manager,PhD,16
qDsDnDnajO,23,2,DevOps Engineer,Masters,7
ErTpKQBjns,22,6,Senior Systems Engineer,PhD,9
PFZNgJUeMo,28,3,Technical Support Specialist,Masters,12
SVJSiFyUBa,32,0,Product Manager,PhD,16
WGalbnwBNY,22,6,Software Engineer,Bachelors,36
qahHucbIVJ,26,2,Systems Engineer,Masters,4
EBmHVKmTiW,22,5,DevOps Manager,Masters,22
mTrAzEjtdp,44,2,Product Manager,Bachelors,34
ufjcfSATFv,42,5,Web developer,Bachelors,8
MOuDsREclI,31,5,Senior Systems Engineer,PhD,35
QPXcpGxUoz,45,5,UX/UI Design Lead,PhD,17
bHfCtKxqfk,36,0,Technical Project Manager,Masters,36
oIsxjWZsaa,58,4,UX/UI Designer,PhD,35
wmJWiZLpYV,46,4,Data Scientist,Masters,6
OWGHKNGZMW,38,2,Product Manager,PhD,14
XOWfZbdrve,48,4,Web developer,Bachelors,11
JkgERCYTPK,41,0,Software Engineer,Bachelors,9
AWVeozAeCD,54,5,Data Scientist,Bachelors,16
YwHwNmhUhI,22,3,Systems Engineer,Masters,22
OpMZDMnewK,27,0,UX/UI Designer,PhD,24
cxdcwaBigQ,54,0,Product Manager,Masters,19
LYOouJWxuf,29,3,Data Scientist,Masters,34
OnTmbgcjgC,58,4,Technical Project Manager,PhD,17
bjQOszwdxV,42,5,Data Analyst,Masters,28
hFjQVkeccF,39,1,DevOps Manager,PhD,10
UpQhEbJJOA,24,2,Web developer,Bachelors,36
RhWTgytJXS,22,4,Software Engineer,Bachelors,20
lpepjsioCd,25,6,Senior Systems Engineer,Masters,28
sAGiVXnXvn,60,1,DevOps Engineer,Bachelors,27
MrvoAydcGA,48,0,Technical Support Specialist,Masters,22
uIlTmeIkoh,59,2,Senior Systems Engineer,PhD,26
NwExSxSYJE,34,6,Technical Support Specialist,Bachelors,11
EfpVCsyTZl,20,3,Senior Systems Engineer,Masters,6
nnOlfJEuhy,35,5,UX/UI Design Lead,Masters,18
JrXmWqRPGK,45,6,UX/UI Designer,PhD,4
JYFpGSgTvo,27,1,Senior Systems Engineer,Bachelors,34
gXqelPofaZ,50,0,Data Scientist,Masters,3
nFlqVpsvIf,37,6,Web developer,Bachelors,36
XTOaCxNBrI,44,1,Technical Support Specialist,Masters,36
vfWWpjnFoC,50,3,Engineering Manager,PhD,12
gCRRPdBzuq,57,5,DevOps Manager,Masters,16
MXwUptahOJ,45,2,Technical Support Specialist,Masters,1
alCmYXEhdM,48,0,Web developer,PhD,2
YKshpjneUb,26,6,Systems Engineer,Masters,0
NaItmWEJkh,31,6,Data Scientist,Masters,2
afGTRYeqNt,20,2,Data Analyst,Masters,8
lGkmEFsLaO,39,3,DevOps Manager,Masters,16
CDDBoGTwwb,60,5,Systems Engineer,Masters,19
UNKiiqgDYC,49,2,Systems Engineer,PhD,9
yaDrPtDfFD,54,4,Data Scientist,PhD,11
JBxFkXsMoR,25,1,DevOps Manager,PhD,31
MrLHmGzANE,48,3,Software Engineer,Masters,10
IqPcZZRNjs,21,3,Data Analyst,Masters,40
yuMpaVyYcE,41,5,Systems Engineer,Bachelors,7
HnaFsevnlv,37,6,DevOps Engineer,PhD,22
zVrERAYQGb,44,3,UX/UI Designer,Bachelors,25
CwgLagxJkG,25,6,UX/UI Design Lead,Masters,34
XDmBSnzkrw,23,5,UX/UI Design Lead,Bachelors,39
HKlBExFudy,40,5,Technical Project Manager,PhD,12
MeapGMZvnZ,56,5,Data Analyst,Masters,2
RLBZGEISUP,25,5,Software Engineer,Bachelors,34
BXfyGgOhZR,40,1,Engineering Manager,Bachelors,29
cuxdcIDTCb,41,0,Web developer,Masters,3
WYgZdoxOkG,37,4,Data Scientist,Bachelors,14
gyYJRyiwog,42,1,Engineering Manager,Bachelors,6
fvsMlPFFsu,29,2,Product Manager,Masters,25
mHOILyRaCB,55,2,Data Scientist,Masters,15
oDfdgssKnF,28,4,Engineering Manager,Bachelors,34
juzEUVXpsx,27,2,Senior Systems Engineer,Masters,0
iKFzDGzfos,44,5,Senior Systems Engineer,Bachelors,24
QljQIsLQGF,40,2,DevOps Engineer,Masters,39
ELGkayypwp,21,0,Data Analyst,Bachelors,31
PuktGOebmm,53,5,DevOps Engineer,Bachelors,12
AeBGrLYpxX,30,6,Software Engineer,Bachelors,32
zIKEQUIFwq,21,5,Software Engineer,Masters,14
HzBqZWkclS,35,3,Web developer,Masters,34
rVuXeEVeQw,23,3,Data Scientist,PhD,40
ZQLZMthadk,49,6,Software Engineer,Bachelors,7
ArWrjRtoct,20,2,DevOps Manager,Bachelors,9
ENPlPmBWbN,52,0,Product Manager,Bachelors,16
rpoFDepsJf,44,2,UX/UI Designer,Bachelors,16
GqDOmmEVCy,39,6,UX/UI Designer,PhD,36
JTIGxlmYQl,28,4,Data Scientist,Masters,28
UiVOSxSeBL,60,4,UX/UI Designer,PhD,5
PEhkBZqyaF,51,1,Technical Support Specialist,PhD,21
jlOKsmsqVn,32,2,Engineering Manager,PhD,8
CmNwnkxuYJ,59,2,DevOps Manager,Bachelors,24
zWDVNlLCCs,29,3,Technical Project Manager,Masters,18
ZgDiIRtuwd,36,5,Systems Engineer,Bachelors,8
eoeqXNZhOC,53,5,Technical Support Specialist,Bachelors,7
wTwcqffsav,26,4,Technical Project Manager,Bachelors,12
EMhwBFchFD,20,6,Data Analyst,PhD,18
kihXPDuhyf,28,3,Engineering Manager,Masters,26
KFlukGdAkn,38,5,Software Engineer,PhD,5
ijJQdMzcwu,59,6,Senior Systems Engineer,PhD,32
rZFHpYpzrB,53,5,Senior Systems Engineer,Masters,16
NoivHQDnwN,28,1,Technical Support Specialist,PhD,33
bGjtQukfCL,26,5,Data Analyst,Masters,22
WSAgjDMWEa,24,2,Senior Systems Engineer,PhD,31
mQPgvvNhDc,21,6,Technical Project Manager,Bachelors,11
anejdcaDXu,53,2,Product Manager,Bachelors,15
rnTOUcTUFc,43,5,UX/UI Designer,PhD,34
YlEeyipccS,26,3,Product Manager,Masters,3
shRRGsLuxT,31,4,Product Manager,PhD,21
SxYVVaTUAo,47,1,DevOps Manager,Masters,34
qZmQtdBEUu,45,5,Technical Project Manager,Bachelors,28
ixgrGhYjEx,46,4,UX/UI Design Lead,Masters,20
BNyzcXRhtF,34,4,Senior Systems Engineer,Masters,13
geKccXQGNj,60,1,Data Scientist,PhD,12
ocfrVuTQAC,21,2,Web developer,Masters,27
IzPlUEyEwN,43,6,Systems Engineer,Bachelors,18
iHjkxvZFkV,33,3,Engineering Manager,Masters,14
oJAwQlOrrU,46,0,UX/UI Designer,Bachelors,6
ZldWeHtjbo,60,1,Product Manager,PhD,35
XtjTEACcVw,32,6,Senior Systems Engineer,PhD,22
qkKJLurqgE,57,0,Senior Systems Engineer,PhD,1
yTrpbIxFIT,41,3,Systems Engineer,PhD,34
RQacggwLbf,20,6,Senior Systems Engineer,Bachelors,30
uNIphTfOsc,54,4,Data Analyst,PhD,27
uLQFHsYCBq,47,2,UX/UI Designer,Masters,5
csbEiJAHCM,53,5,DevOps Engineer,Bachelors,30
oOZYTgQKIn,60,4,UX/UI Designer,Masters,27
LaDbjkcQWi,27,3,Web developer,Bachelors,19
DStFOUuIVv,27,0,Senior Systems Engineer,PhD,33
lFDvxxXEle,41,6,Systems Engineer,Masters,22
TxjqQHTJxc,52,0,Systems Engineer,PhD,29
ByULfHhPFW,25,2,UX/UI Designer,PhD,19
BaMNDgOowA,35,6,DevOps Manager,Bachelors,3
BhWyeTwoEj,47,6,Technical Project Manager,PhD,11
DwYmRvKDzb,27,6,Data Scientist,PhD,16
fozRHipPBE,59,6,UX/UI Design Lead,PhD,16
bIScWOjvZq,27,5,Systems Engineer,PhD,20
wsNyLPtrNd,24,3,Engineering Manager,Masters,21
dqDrVXXrLx,20,0,UX/UI Designer,Bachelors,14
phifDjyMSO,27,5,Technical Support Specialist,Masters,25
zgJwXCNprl,29,5,Data Analyst,Bachelors,25
iIUPkjIyvf,37,2,Technical Support Specialist,Masters,24
OzzKHJrxJi,33,4,DevOps Manager,Masters,30
IBDozhCuRN,23,0,Data Analyst,Masters,8
vjrBdoXiIl,20,1,Engineering Manager,PhD,9
uCcgXmgarI,53,1,Senior Systems Engineer,Masters,12
vmnjcJihNY,37,4,DevOps Manager,Masters,6
SlxAdiCUiZ,51,1,UX/UI Designer,Bachelors,28
hByZnJGNwL,23,6,Software Engineer,PhD,7
yigaOlegPl,42,3,UX/UI Design Lead,Masters,29
XLqqqCwIEo,54,5,Data Analyst,PhD,31
yrfBxXrTiX,49,1,Senior Systems Engineer,PhD,22
tHpOtYyDvm,54,3,DevOps Manager,Bachelors,11
ZnJxROmtKl,21,2,UX/UI Design Lead,PhD,22
VymRqgesKJ,37,1,Web developer,PhD,32
vbjHOtwyoi,23,0,DevOps Engineer,PhD,29
UyNBBAzAmv,22,0,Data Scientist,PhD,22
yQXThLRrjq,28,4,DevOps Manager,Masters,27
ogkQgvCtgl,34,3,UX/UI Designer,PhD,21
xrAofCbqcp,46,4,Systems Engineer,Masters,14
RLUkxyAXCh,56,1,Technical Project Manager,Bachelors,1
bcDgTZHNET,59,2,Data Analyst,Masters,3
WMaJkVhvHs,58,4,DevOps Manager,PhD,2
fsHsnQwSyp,55,3,Engineering Manager,PhD,13
lmmIyPUwpV,52,6,UX/UI Design Lead,Masters,16
upcmODZQgD,41,2,Product Manager,PhD,38
TUCuoUuHJj,34,6,Technical Support Specialist,PhD,24
lQSrpxnfOW,39,2,Systems Engineer,Masters,3
hFzGlRSdyd,58,1,Technical Support Specialist,Bachelors,3
PMnuOOaIde,38,3,Engineering Manager,Bachelors,36
XMpjEWxuSO,46,4,DevOps Engineer,PhD,13
sRuCLSzRDf,22,2,Technical Project Manager,Masters,12
SRNTiLndfX,41,1,Senior Systems Engineer,Masters,7
wtPbvicpKV,50,1,Technical Project Manager,PhD,39
psEwJsEPjM,53,4,DevOps Engineer,Bachelors,34
uehwajDQiv,25,6,Data Scientist,PhD,27
BhbQoFHnfo,57,2,UX/UI Design Lead,PhD,22
zOqvOSiUgh,48,1,Technical Support Specialist,Masters,24
GFvWGKyAKP,39,5,Data Analyst,Bachelors,8
YyUCTNraqT,49,2,UX/UI Design Lead,Bachelors,20
hWKpvslDBu,30,2,Systems Engineer,PhD,2
scjPFNgkZG,43,0,Technical Support Specialist,Masters,20
UjwGGdUpRV,53,6,Technical Project Manager,Masters,14
dAxHmbDGCX,45,2,Data Analyst,Masters,3
LNYSxgZDou,40,1,Senior Systems Engineer,Masters,33
iKsqQbGOmr,21,6,Data Analyst,Masters,12
iWRjRekfHt,26,6,Software Engineer,Bachelors,14
EFFCPCUpMO,41,6,DevOps Engineer,PhD,19
eQpcpQhDtI,29,3,Software Engineer,Bachelors,30
PuTVMqMdLI,25,1,Systems Engineer,Masters,16
yitHgRqCZo,28,1,UX/UI Designer,PhD,5
PsNYZDZNfM,57,3,Data Scientist,Bachelors,26
vmKRpqJEMV,56,1,Software Engineer,Bachelors,36
kXPMkMWWWH,51,2,Product Manager,Masters,34
vPDzEdNBui,59,4,Senior Systems Engineer,Bachelors,39
ztdreRURBr,43,2,Software Engineer,Masters,8
IJTXFqIzsh,21,5,UX/UI Designer,Bachelors,24
WTWhafgSdM,20,6,Data Analyst,Masters,30
UeZeRXavch,53,5,Engineering Manager,Masters,12
JNGmBkWJtE,34,1,Technical Project Manager,PhD,21
LzeypLgOEg,34,2,Data Analyst,PhD,25
CWXvNgxsCC,59,1,Engineering Manager,Bachelors,39
blTWhBFTBN,38,0,DevOps Manager,Bachelors,29
LSWcaaxcTw,21,0,UX/UI Design Lead,Bachelors,14
sbthJHWMOZ,33,6,Product Manager,Bachelors,13
CcXyQqKaZk,29,5,DevOps Engineer,PhD,36
dQHxwPXKsP,47,3,Technical Support Specialist,Bachelors,2
XJBtpFoKQf,56,2,Senior Systems Engineer,Masters,7
JfPfMrcRkP,42,3,Technical Support Specialist,Bachelors,29
stnafAYxIL,22,4,Engineering Manager,PhD,39
TIcFLWXvGi,59,6,DevOps Engineer,Bachelors,31
MDQIxwxaHP,52,5,Senior Systems Engineer,PhD,38
FNDWxbCLQh,49,0,Data Scientist,PhD,0
wpSBFjimje,40,3,Product Manager,Masters,21
WjXdKrkniW,50,2,Technical Project Manager,PhD,34
rzSVlhpYES,32,6,Data Analyst,Masters,11
hSHRNKFTDq,41,6,Product Manager,PhD,2
PJNgpphQEm,47,3,Data Scientist,Masters,11
YJGqrovcGq,46,5,Data Analyst,PhD,25
MSeHtiBEDg,23,0,UX/UI Design Lead,Masters,29
FXvnUYfsyi,47,2,UX/UI Design Lead,Masters,29
dSNXRCPCwW,45,5,Senior Systems Engineer,Bachelors,15
pehWNgZjst,34,6,DevOps Engineer,PhD,11
oBDiVckTfp,44,3,DevOps Manager,PhD,3
aZvGFiXaPv,48,1,Technical Project Manager,Masters,29
RRBFatjQPK,56,5,DevOps Engineer,PhD,26
kaIcBMtMIV,41,5,DevOps Engineer,Masters,6
SbYFUxTUal,50,4,Technical Support Specialist,Masters,12
euqGGVKBFN,33,3,DevOps Engineer,Masters,18
wbFbRvIFKP,45,5,Product Manager,Masters,37
gJHIFpYtzZ,58,6,DevOps Manager,Masters,25
pjxfvyizbl,38,1,Data Scientist,PhD,31
RSuSMgZPYD,28,6,Software Engineer,PhD,6
DeDdvfApkk,34,1,DevOps Engineer,Masters,6
VDMGioXWOh,39,0,Systems Engineer,Masters,32
bFuCjnmoTC,31,6,Data Scientist,PhD,3
zHTAsIIrYQ,47,2,Technical Support Specialist,Masters,8
rypOdgiDzJ,60,5,DevOps Manager,Masters,1
obMuOlRXPr,31,1,Data Scientist,Bachelors,7
TQLuaOdtqo,27,6,UX/UI Designer,Masters,1
JUcspbGiJA,29,6,DevOps Manager,PhD,37
quDnChIhdz,40,4,Data Scientist,PhD,2
CRWifYugJU,48,6,DevOps Engineer,PhD,30
YsoEbbsGac,23,0,DevOps Manager,PhD,24
CWMWsmSHZV,39,1,Product Manager,PhD,10
artILKBHlm,47,5,Software Engineer,Bachelors,1
qTeuKAnDTI,46,0,Product Manager,Bachelors,8
jIelpyUZxV,44,3,Product Manager,Masters,10
XPitELWBEZ,43,1,UX/UI Designer,Masters,20
jTcmTBPtZp,33,0,Data Scientist,Masters,4
LwRbkzijiV,42,4,Engineering Manager,Masters,13
ErcSDCBVSw,27,3,DevOps Engineer,Masters,17
nAePHTjoNr,43,6,Engineering Manager,PhD,18
UzZKstRHbR,38,2,Systems Engineer,Bachelors,29
aXOMpDlmel,29,4,Data Scientist,Masters,27
GXnlpUUfMY,45,6,DevOps Manager,Bachelors,5
ZZwTHCCRYQ,47,1,Engineering Manager,Masters,15
dtyfQPHGAe,42,3,Product Manager,Masters,1
dedarnsrtq,49,2,Web developer,Masters,3
EfNlkyNOXu,56,0,Engineering Manager,PhD,15
rqAxWCQiwq,26,0,UX/UI Design Lead,Bachelors,23
bNlzQEDOjW,55,2,Engineering Manager,Masters,27
OALAcXBIXu,31,5,Technical Support Specialist,Bachelors,8
MuYEKxgkNp,28,5,Software Engineer,PhD,24
auznMXoHdi,46,3,DevOps Manager,Bachelors,33
SEetReIhTJ,27,2,Engineering Manager,Bachelors,26
ZlWDgiynZl,23,6,Systems Engineer,Bachelors,5
NpfftNNitv,21,2,UX/UI Design Lead,Masters,17
ZgRXkKSwOm,40,2,Systems Engineer,Masters,4
BXqIxVUCZW,42,0,Data Scientist,Bachelors,20
keleDyLdRI,27,5,UX/UI Designer,Masters,10
TYWDhmzAUu,59,1,DevOps Engineer,PhD,6
XmZPErfKMr,33,4,UX/UI Designer,Bachelors,14
vslSvvLMRE,38,2,Senior Systems Engineer,Bachelors,29
DsZRkPtTDZ,45,4,DevOps Manager,Masters,30
emlMnclcLt,54,1,Software Engineer,PhD,34
mYVHiEyDap,29,4,DevOps Manager,Masters,13
YZKnYejOgA,31,0,Software Engineer,Bachelors,11
fyrCVoYnFG,35,4,Product Manager,Bachelors,39
rXZKSCQqhx,58,4,DevOps Manager,Bachelors,22
fHWbIAxLmP,22,1,Technical Project Manager,PhD,32
tcdbXawrBw,20,2,Data Scientist,Masters,27
vRvlpqQwFz,27,4,Technical Support Specialist,Masters,24
EGQNcHhwtS,31,6,DevOps Engineer,Bachelors,32
RUohShFluY,27,1,Systems Engineer,PhD,4
pxOnmnSaXb,46,1,Product Manager,Masters,19
jhpVCLuRHn,28,3,UX/UI Design Lead,Bachelors,29
tJfpLIyViW,24,4,Web developer,Bachelors,27
sHTaxyMzqu,48,4,Technical Support Specialist,Masters,15
kEREDLgjrW,38,3,UX/UI Designer,Bachelors,35
uFDDLwJHVM,48,4,Systems Engineer,Masters,21
sWvEuwlVMG,49,2,DevOps Manager,Masters,28
EhvTRLYrjT,56,2,Web developer,Bachelors,30
MqIAlImIvy,37,4,Software Engineer,PhD,30
HOEgeBHSPy,40,2,Systems Engineer,Masters,13
VIMIfCuHqm,56,1,Data Analyst,Masters,34
elkmapOkTP,57,4,Senior Systems Engineer,Bachelors,35
hwYoNAeAOk,52,6,DevOps Manager,PhD,22
NUcxSitfcA,36,1,Data Analyst,Bachelors,6
HvRUykpkgb,42,6,Data Analyst,Masters,30
AztSNoQXMF,26,1,Web developer,PhD,16
eJHfVThurD,22,5,Technical Project Manager,Masters,19
WuAxrTQgrR,25,0,DevOps Engineer,Bachelors,36
BHeRzDJsrt,50,0,DevOps Engineer,Bachelors,33
ozKlmhjBPW,49,1,Systems Engineer,PhD,26
gpgeVwvQzu,41,0,Data Analyst,Masters,2
XzIoumwtxI,28,4,Software Engineer,Bachelors,25
ggzZAwTzpl,23,5,Software Engineer,Masters,31
oOcnvxZwMf,45,4,Data Scientist,Masters,39
VdnAgDhdqZ,25,3,DevOps Engineer,PhD,0
sEFZowJeEh,22,2,Technical Support Specialist,PhD,39
DYVOUyolal,40,0,Technical Project Manager,Bachelors,40
VOGQncblMS,42,6,UX/UI Designer,Bachelors,7
TwgspILcOb,20,0,UX/UI Design Lead,Masters,5
pZWOAIVXOG,52,4,Senior Systems Engineer,PhD,13
rwJEkpQLoa,34,5,Systems Engineer,PhD,3
yefEzQHgyl,53,4,UX/UI Design Lead,Masters,18
HiBHSzcweL,55,2,DevOps Engineer,Bachelors,8
YzTkYkUCCe,20,5,Data Analyst,PhD,16
JRavBySXVL,31,4,Product Manager,Bachelors,13
oqncgtlkDk,54,4,Web developer,Masters,30
NMaHAkfjdw,52,4,Product Manager,PhD,8
HiFrJsDYrG,40,2,Data Analyst,Bachelors,22
ERIlAKdZjb,29,2,Data Scientist,PhD,30
FEPqmABrJp,52,2,UX/UI Designer,PhD,40
nzHVitDqSA,60,2,Data Analyst,Bachelors,33
qjgtYMKNlG,43,3,Product Manager,Masters,39
DzDWcOiatq,54,6,Technical Support Specialist,Masters,11
xEUdwzncZE,43,1,DevOps Manager,Bachelors,24
LVNDTaVxap,46,1,Web developer,PhD,21
bycbTdSEcW,22,3,UX/UI Designer,Masters,30
FgogKQQgOx,35,1,Web developer,PhD,39
suOJpSpzAW,53,4,Software Engineer,Masters,23
KZYRYRspLn,41,1,DevOps Engineer,Bachelors,5
yditoxNkwR,28,2,DevOps Manager,PhD,13
NttVjEdXMu,38,5,Senior Systems Engineer,PhD,35
fTsVevjUnt,43,6,DevOps Engineer,Masters,4
mtucnFupWZ,41,2,Product Manager,Bachelors,22
gEfalPgxFG,29,5,Web developer,Masters,19
ljkujAnWSj,46,1,Systems Engineer,PhD,35
MCqnHaWYvu,37,0,Systems Engineer,PhD,11
awtZGKTiCC,23,5,Data Scientist,PhD,10
FsuRyvrNLR,58,5,Data Scientist,PhD,4
EBGpXsyITf,25,5,Senior Systems Engineer,PhD,30
XShTdtAMPA,53,5,Senior Systems Engineer,Masters,18
OLqTiOwmmr,23,4,Product Manager,Bachelors,25
nZXNqrJTsT,39,2,Product Manager,PhD,6
YSAvunffQR,55,5,Web developer,Bachelors,27
DXIALWiAcq,40,0,Web developer,PhD,17
cByKZtLLvn,30,3,UX/UI Designer,PhD,9
ybWwkDfsbV,49,6,Engineering Manager,Bachelors,7
MpovgLjKii,45,5,Product Manager,Masters,6
JWAapCPyyV,33,6,Data Scientist,PhD,1
oORDhdkMjk,39,4,UX/UI Designer,Bachelors,37
aIjJZzKqzr,42,3,Data Analyst,Bachelors,22
pvjuvFQdDK,21,2,Data Scientist,Bachelors,16
mTeGjFzHjV,52,5,Senior Systems Engineer,Masters,22
MKtJeQVtmp,46,3,Systems Engineer,PhD,40
fbOOANcxTk,45,6,Software Engineer,PhD,25
OuElhvoeBO,50,6,Systems Engineer,PhD,30
KzGiQZpIkR,50,3,Web developer,Bachelors,32
xwKPszgKEE,40,2,DevOps Manager,PhD,8
ZmipeUVDYM,39,2,UX/UI Designer,PhD,18
vgltCnNmHW,45,6,DevOps Manager,Bachelors,25
afhsOKszdg,36,2,Systems Engineer,Bachelors,23
AqDEdKkJVw,38,6,Technical Support Specialist,Bachelors,29
tUWVaeEDDc,41,0,Technical Support Specialist,Bachelors,27
yPrkqEWlgj,58,6,Technical Project Manager,Masters,24
ZatLZiKMyg,35,3,Systems Engineer,PhD,12
oIcFXJZKNC,44,2,Technical Project Manager,Bachelors,22
UGpwUYoJvS,46,2,Web developer,PhD,4
bIUeRxuguO,55,5,Technical Project Manager,PhD,7
JZsFOhDoRt,24,5,UX/UI Design Lead,Bachelors,32
JYRqACEQMB,29,6,UX/UI Design Lead,Bachelors,13
xlSAhVyhcw,56,2,Systems Engineer,Masters,27
WcVAlhNUWF,39,3,DevOps Engineer,Masters,14
VQqGjSqKgB,33,5,Product Manager,Masters,1
VaqvPYzXLy,60,3,UX/UI Designer,Bachelors,3
dzuhMdfGzu,42,6,UX/UI Designer,PhD,6
eTKtvksadZ,32,2,UX/UI Designer,Masters,19
VuSGhqffpQ,25,1,Data Analyst,Bachelors,38
ZTDVDDXIWN,56,2,Technical Project Manager,Bachelors,8
cHCaynLxtM,20,3,DevOps Engineer,PhD,19
rkoeqEMuLN,21,4,DevOps Manager,Bachelors,40
HvofJZvxgp,59,2,Systems Engineer,PhD,12
dyTEeYIngU,35,5,Software Engineer,Masters,27
xYiAcnzSKn,34,2,DevOps Engineer,Masters,37
SYlGzdrlHz,40,0,Systems Engineer,PhD,33
CjrijuJjTO,29,1,Technical Project Manager,Masters,32
zieHYeNPgh,51,0,Technical Support Specialist,Masters,27
sfNCZNHDYT,44,0,Software Engineer,Bachelors,21
NFesfrJNQh,35,0,Technical Support Specialist,Masters,3
SheWFOgDZp,24,5,UX/UI Design Lead,Bachelors,22
aDOjvbrMzx,47,4,Data Analyst,PhD,3
gnIhZzZBwn,52,5,Data Analyst,PhD,1
KxPCajrwhp,24,4,Data Scientist,Bachelors,2
gptjzfzxks,40,5,Product Manager,Bachelors,14
tqYXJuIRpH,25,3,DevOps Engineer,PhD,29
PXMOzMSlsn,34,3,Senior Systems Engineer,Masters,36
TlAqucRCrd,33,5,Data Scientist,Bachelors,24
kCSFaZcdVe,38,2,Senior Systems Engineer,Masters,27
IsDPpvbbMu,55,3,UX/UI Design Lead,PhD,35
cUWLZTpjUa,22,2,Engineering Manager,Bachelors,19
QGmemPActg,44,1,Data Analyst,Bachelors,20
iGvpcArBma,21,3,Technical Project Manager,PhD,7
jnqmtiFGaZ,25,1,Technical Support Specialist,Masters,26
efwdaSrRus,27,2,Engineering Manager,PhD,23
HLvFvHCYch,41,0,Data Analyst,Bachelors,13
eUtCdFxHZB,39,2,Web developer,Masters,29
PgUvvuEWgH,49,6,DevOps Engineer,Masters,12
ptDkCESUHE,36,6,Technical Support Specialist,PhD,2
GXKhrMeDDc,57,4,DevOps Engineer,PhD,25
eJnEBHstcB,35,4,Senior Systems Engineer,Bachelors,9
nEgSYNsGAd,51,4,Systems Engineer,Masters,30
vQgoSyynXt,35,6,Technical Project Manager,PhD,24
wzvaXheJNy,21,1,Systems Engineer,Masters,19
OTyfSYcIFE,58,6,DevOps Manager,Bachelors,28
vudxjCQlkH,58,4,Software Engineer,Bachelors,39
qFOOyIxJft,46,2,Product Manager,Bachelors,30
AHVhUQZIow,32,2,Product Manager,PhD,12
QNguoXAXYE,52,5,Senior Systems Engineer,PhD,4
KhclEzUtvF,40,1,Technical Project Manager,PhD,14
TJPEerAgtY,43,0,Data Analyst,PhD,40
PihtIJjOud,33,2,Technical Support Specialist,Masters,4
DTTGssDOtb,27,1,Software Engineer,PhD,4
eBtjswrzXT,53,4,Web developer,Masters,28
vpVvecDhVU,40,3,UX/UI Design Lead,Masters,16
tDMgcdBcUw,40,0,Systems Engineer,Bachelors,25
EzwvarIOhn,42,5,Technical Project Manager,PhD,32
lWyNnwlUoT,45,3,Engineering Manager,Bachelors,17
CWDoYqNbRB,52,2,Data Analyst,PhD,19
DsMHmwvAJb,41,0,DevOps Manager,PhD,3
MVtfRZHDxo,58,6,Senior Systems Engineer,Bachelors,11
lrVAvziFaF,28,6,Technical Project Manager,PhD,38
NqeBeggecb,39,3,Web developer,Bachelors,28
odJvjFqzSB,57,4,Data Analyst,Bachelors,39
rXLllXgZXF,39,3,Data Analyst,PhD,4
mWYuAIlSow,46,4,DevOps Engineer,PhD,5
ymQKDpEarp,39,3,Senior Systems Engineer,PhD,12
qRFlApOlkS,52,6,Data Scientist,Bachelors,37
QRFJbuQjsT,59,1,UX/UI Design Lead,Masters,5
RIDrUYQbZB,34,3,Product Manager,Masters,30
uxQhsShVkn,28,1,Software Engineer,Bachelors,20
eVKSjOnwud,27,1,UX/UI Design Lead,Masters,25
oFYPxOqduH,48,0,Systems Engineer,Bachelors,37
VzpIkESueI,33,1,Systems Engineer,Masters,22
MAnAwftmRz,39,1,UX/UI Designer,Masters,17
TfqdWRrHyC,43,5,UX/UI Design Lead,Bachelors,9
lWMsYtEBwg,56,0,Software Engineer,PhD,38
mlgftGOKNV,22,4,UX/UI Designer,PhD,36
MbmrALesIb,20,1,UX/UI Designer,PhD,17
wWAEjCyJOJ,27,5,Engineering Manager,PhD,38
PjIEIQPrsg,35,2,Technical Support Specialist,Masters,38
znaNkuzNMO,41,6,Systems Engineer,Masters,6
XDLMgcXxQF,46,3,UX/UI Designer,PhD,1
SeklSxfuxh,40,5,Engineering Manager,Masters,12
TFLzmiungR,47,3,UX/UI Designer,Masters,15
ZkLDIalrYN,37,4,Systems Engineer,Masters,6
IyAZnjlajn,58,4,Software Engineer,PhD,21
LJWEPAwBQU,60,1,UX/UI Design Lead,Masters,3
xCnoGReWYW,29,0,Web developer,Bachelors,6
StgDosrIuO,56,4,Senior Systems Engineer,Masters,9
mqovpiflyS,32,6,DevOps Engineer,Masters,23
zOYfETHpZx,41,4,Web developer,Masters,37
GMPBjcmMRv,45,4,DevOps Manager,Bachelors,33
gflbbfAzyp,54,5,Engineering Manager,Bachelors,3
gZriJhIMKf,38,4,Product Manager,PhD,38
OcslPZoZlj,50,2,UX/UI Design Lead,Bachelors,19
KGMfFWEEsL,35,2,Engineering Manager,Bachelors,11
nuPUtnoCVY,22,1,Data Analyst,PhD,29
KYDbZgEflC,34,0,Engineering Manager,PhD,14
mFqZlIYTfk,41,3,Technical Support Specialist,Masters,39
NAymMUiAcR,48,0,Product Manager,Bachelors,13
FTOzjIfTUm,46,5,Technical Support Specialist,Bachelors,14
VEhhCydXSt,41,4,Data Scientist,Masters,35
ZXXmmSCyKO,27,1,Software Engineer,Masters,14
tNGwPxnPBz,39,1,Systems Engineer,Masters,34
nUvvWCKzqp,51,1,Technical Project Manager,PhD,38
lJQKMkrsON,34,2,Web developer,Bachelors,0
vYXhQunbdq,28,6,Technical Project Manager,Bachelors,4
SGaxpkoxml,39,2,Systems Engineer,Masters,13
qHcXZmQnBi,54,2,Data Scientist,PhD,23
GAjpEasVPx,33,0,Data Scientist,PhD,17
YNwADaSurd,60,2,Data Scientist,Bachelors,5
RGIFncRZYr,60,5,Technical Support Specialist,PhD,3
bPBCNaWvzH,40,4,DevOps Engineer,Masters,7
mQJAOuKIvU,44,3,Web developer,Masters,4
kvPWbnhBLh,45,4,Engineering Manager,Masters,2
hGkXyPAqWL,26,5,Web developer,Bachelors,25
idRdJPBnpF,25,3,Web developer,Masters,17
NDnDKvaBGM,21,6,Data Analyst,Masters,33
lcmOLRTrbi,34,6,Engineering Manager,Masters,13
YqFfeataKE,58,2,DevOps Engineer,PhD,16
szJOinQkBZ,26,6,Data Analyst,Masters,3
qeptOdmNXT,23,1,Software Engineer,PhD,4
ovqAUiXkAX,49,1,Engineering Manager,Bachelors,24
pKDSkeXAQo,52,2,Senior Systems Engineer,Masters,5
ROyiJGWDaY,37,5,Systems Engineer,Bachelors,8
blUkafpBhU,60,4,Data Analyst,Bachelors,38
TPGcDRHzTA,44,5,DevOps Manager,Bachelors,10
LhMMUucfTE,43,1,Senior Systems Engineer,Bachelors,25
gKhJdPvTjM,59,3,DevOps Engineer,Masters,33
IcWtpOtJDE,56,4,DevOps Manager,PhD,18
XzSqEcYZYk,54,2,Data Scientist,PhD,34
GobyxvLqPu,24,4,UX/UI Design Lead,Masters,35
ofxPQFQwku,49,5,Engineering Manager,PhD,7
nukbhpuUDy,54,5,Web developer,Bachelors,25
HTbnsIAOmw,34,0,Software Engineer,PhD,17
DOroHjPyMF,55,1,Technical Support Specialist,Bachelors,39
wSiLeTaPxb,56,1,Systems Engineer,Masters,14
UgvAuEbfRH,36,0,UX/UI Designer,Masters,15
sgghxEOqsE,57,3,Software Engineer,Bachelors,33
kDtqXWjpyE,54,5,Data Scientist,Masters,17
oVnTfxnacL,23,6,Senior Systems Engineer,Masters,32
pEKJdznLFt,35,1,Web developer,PhD,22
wxGBjLjJjw,59,5,Technical Support Specialist,Masters,13
KymsclbRWG,38,2,Technical Support Specialist,Bachelors,12
LdLIGnEJNj,51,5,Technical Support Specialist,Bachelors,5
EuAvrzXSxA,35,5,UX/UI Designer,PhD,7
kPGkvLNuKG,57,0,Data Scientist,Masters,31
pTChRCPPdS,28,2,Systems Engineer,PhD,28
QfySrKhGnh,20,2,Web developer,Bachelors,38
eUHoiBmOrT,31,3,Engineering Manager,Masters,0
egspDqQssf,60,2,UX/UI Design Lead,Masters,10
ScMenmmtkt,38,0,Senior Systems Engineer,Masters,31
ScgmvxWXcV,57,5,Data Scientist,PhD,17
lfYokCwjWb,54,1,Data Scientist,PhD,31
MdyywctUQY,49,1,Software Engineer,Bachelors,9
JfTmROPjNX,31,4,Senior Systems Engineer,Bachelors,13
JDwtbMSqJa,51,4,Product Manager,PhD,40
eyaRPiGzxW,32,5,Technical Project Manager,Masters,28
UbvXZuLYGj,50,6,Web developer,Bachelors,11
RXMIpcmKJR,46,1,Systems Engineer,Bachelors,14
qVdkyUwcAC,41,5,DevOps Engineer,PhD,18
NVoICskFPe,20,2,Product Manager,Bachelors,11
ZgXaHYQcmm,56,3,Product Manager,Masters,30
panOCwSZHG,26,6,DevOps Engineer,Masters,18
QWoFGULCaL,24,3,Web developer,Masters,20
foGDzurcsW,42,5,Product Manager,PhD,14
fMudkCHfAz,28,1,Web developer,Bachelors,21
EGsvLNXxVR,44,3,Software Engineer,Bachelors,40
DxTLGySRds,35,2,UX/UI Design Lead,PhD,35
rMVPrONxWx,50,1,DevOps Manager,PhD,33
KEMRkJvLWn,40,2,Engineering Manager,PhD,13
YaYNEYGjxt,30,6,Technical Project Manager,PhD,16
fOzWxiKQlH,47,2,Systems Engineer,PhD,28
WzEQnuRRFs,47,0,Senior Systems Engineer,Bachelors,30
wDMOyGPFsY,56,5,Systems Engineer,Bachelors,0
dUKxIXnBHl,45,5,Technical Support Specialist,Bachelors,26
ISIKmBRSvO,41,4,DevOps Manager,PhD,7
knBYkMSfAn,23,6,Senior Systems Engineer,Masters,5
ChRnSKetEP,47,6,Software Engineer,Masters,31
dJOHlgHhZa,50,6,Data Scientist,Bachelors,29
wbXbaNtIzK,57,2,Data Analyst,PhD,19
lkuVXTCmjv,42,0,Product Manager,Masters,14
LmasTtKieU,25,5,Software Engineer,Bachelors,15
znYLjXMBkg,30,1,Technical Project Manager,Masters,14
RhKqMCGKkR,37,2,Software Engineer,PhD,27
EjddCKUBRg,45,4,Data Scientist,Masters,19
OugxWtmJYS,50,0,Senior Systems Engineer,Masters,20
OWxuTbbhFn,45,6,UX/UI Design Lead,Bachelors,12
cfCQNkjfSI,57,3,UX/UI Designer,PhD,16
szSZcppnTl,50,2,Senior Systems Engineer,PhD,11
UBDMKZlaUR,26,0,Product Manager,Masters,29
hvGtntbqUF,31,3,UX/UI Design Lead,Bachelors,15
zEQruBqtYT,55,6,UX/UI Design Lead,Bachelors,29
VzqYbDgGqz,54,4,Data Analyst,Bachelors,30
wcNwXwoFYZ,23,1,Technical Support Specialist,Bachelors,33
ZBsDQROAcN,54,3,Technical Project Manager,Masters,15
tIrbIFiYTQ,34,6,Product Manager,PhD,19
bhLoivWojJ,57,5,DevOps Engineer,PhD,35
YILtXgfZhJ,48,5,Web developer,Bachelors,17
LcMUYlWstv,37,6,Software Engineer,Bachelors,3
AreKIYmBRO,59,4,Engineering Manager,Masters,32
cNKexNrWmI,41,1,Systems Engineer,Bachelors,10
ijVNIRsAtl,38,1,Senior Systems Engineer,Masters,11
ALrUiUeSVh,29,5,Technical Project Manager,Masters,16
XwUREsBwmL,29,5,Software Engineer,PhD,34
HGxuCoNZYn,27,5,DevOps Manager,Bachelors,20
LsVbEdJMes,24,3,Senior Systems Engineer,Bachelors,14
huDhPUnmWL,43,3,Data Analyst,Masters,37
zkZisPRBBk,42,3,UX/UI Design Lead,PhD,40
ZermcRUXFL,45,6,UX/UI Design Lead,Bachelors,7
kzerBLfkff,53,1,Software Engineer,Masters,21
tzpreAIDyo,59,6,DevOps Engineer,PhD,28
ZeadytfuIS,34,6,Senior Systems Engineer,PhD,22
VBbqUxPTME,49,2,DevOps Engineer,PhD,40
hOToufRnQa,40,6,Technical Project Manager,Bachelors,39
UDREUqBDdv,39,6,Product Manager,PhD,15
wONNKpiWfB,20,0,Web developer,PhD,39
YPusdyCOXa,28,3,Web developer,Masters,39
ndboNJtRTR,21,1,DevOps Engineer,PhD,11
ncZXHnDVBd,50,5,Software Engineer,Masters,3
dhPGOFYsbA,25,0,Software Engineer,PhD,40
ruklcOmUEv,45,2,Data Scientist,Bachelors,10
jPIquazRNt,52,2,Data Scientist,Masters,17
JEIZtxlciv,34,6,Senior Systems Engineer,Bachelors,12
mXtIiUsQBB,37,5,DevOps Manager,Bachelors,25
AZqJzHzorz,27,3,UX/UI Designer,PhD,28
RDOHpwLZef,33,3,Technical Project Manager,Bachelors,16
cvhggZsOeh,21,0,Engineering Manager,PhD,1
kqWCBLocMx,55,5,Data Analyst,PhD,3
pQOaFcHfxs,35,2,Data Scientist,PhD,27
cOPnkRBHGn,25,3,Product Manager,Bachelors,8
rKpnRfSpYL,56,2,Software Engineer,Bachelors,9
ltIStpQhmG,47,6,Senior Systems Engineer,Bachelors,40
ejXkVefuSm,39,6,Systems Engineer,Bachelors,8
NEKJTROwTa,26,4,Product Manager,Masters,5
yWSjYhtGiU,49,5,Senior Systems Engineer,PhD,6
kAtgKSAJdt,42,2,Data Scientist,PhD,22
nUzvBfyAXc,26,1,Technical Project Manager,PhD,20
bWaAXRqsbC,42,3,Engineering Manager,Masters,8
TNYLRfubxY,26,2,Web developer,PhD,5
VApvMjeHwr,47,6,DevOps Manager,Masters,2
wcMgYMhKXA,28,0,Product Manager,Masters,34
sckNREFlhp,49,3,UX/UI Design Lead,PhD,9
pNVUBfdDAr,25,5,UX/UI Design Lead,PhD,7
wGPgNaQHON,57,3,Product Manager,Bachelors,36
iYTvwZMVai,41,4,Data Analyst,PhD,7
vlBpjlGdwx,21,4,DevOps Engineer,Bachelors,40
VfLCPDGZbI,24,4,Data Scientist,Masters,37
TVcDhBiDXU,56,0,DevOps Engineer,Masters,12
XAOQgZKeMq,37,5,Systems Engineer,PhD,6
QtHfqzsnbs,33,1,Senior Systems Engineer,Bachelors,1
VbLmHvqpdV,43,0,Data Scientist,PhD,9
BsDYWcAMrK,31,0,UX/UI Designer,Masters,19
nignhGsEVI,33,3,Data Scientist,PhD,34
pCMAwlOysz,39,6,Technical Project Manager,PhD,34
tqbswRsRnS,60,0,Systems Engineer,Masters,9
IAfiScXHxN,23,6,Senior Systems Engineer,Masters,5
LyYvxOtmVN,51,5,DevOps Engineer,PhD,28
JCmcFdPLGC,52,1,Senior Systems Engineer,PhD,14
PawPcJiGVG,56,1,Senior Systems Engineer,PhD,32
WwdwjELFIc,34,2,Technical Project Manager,Bachelors,25
IHKEduvVyY,51,0,UX/UI Design Lead,Masters,2
dqibHmhFEM,27,5,Data Analyst,PhD,21
rHhfOPiIrC,57,2,DevOps Manager,Masters,35
kvTumnhVtz,54,6,DevOps Manager,Bachelors,23
lDBVWbjeDC,21,0,Engineering Manager,Bachelors,36
RaZHNauyxy,60,6,Data Analyst,PhD,13
GhVvjjoBpO,30,2,Technical Support Specialist,Masters,3
qIGKKenpmk,52,0,Data Scientist,Bachelors,24
dZPxRtMwsG,20,0,Engineering Manager,Masters,28
oWTpuVLJSe,21,2,Software Engineer,Bachelors,31
UGXjbCfYRv,27,1,DevOps Engineer,Bachelors,32
KywfGsYytY,37,4,UX/UI Designer,Bachelors,29
ZCYCkgTucf,49,2,DevOps Manager,Bachelors,14
FxplbfYqFp,38,0,Technical Project Manager,PhD,17
BPpWAjDnLR,22,4,Senior Systems Engineer,PhD,15
VydXQokNZR,54,2,Data Analyst,PhD,6
ltBkICnTyb,56,3,Software Engineer,PhD,24
iJJNpVdShq,28,6,Data Scientist,Masters,11
catfUrjiIa,22,3,Web developer,Bachelors,34
LVFdlgdikC,26,3,Technical Support Specialist,PhD,14
GrhVqHoudd,58,2,UX/UI Design Lead,PhD,36
ugzyWOhAQI,35,3,Senior Systems Engineer,Masters,40
ygSXEXWSSe,51,5,Systems Engineer,Masters,20
ZiJtOxYCFK,28,3,Senior Systems Engineer,Masters,34
jTZUnMKWNf,30,0,UX/UI Design Lead,PhD,21
KhSvYiMkSQ,26,4,DevOps Engineer,Bachelors,1
UjeiyiBCFq,49,3,Web developer,Masters,37
sbPFZMVFiN,20,3,Technical Support Specialist,Bachelors,0
sYDmrRuTXn,29,6,Data Scientist,Bachelors,1
TWLihBtDLW,34,0,UX/UI Design Lead,Masters,23
DsNRFNAxzi,44,5,Product Manager,PhD,34
MpToSpyrpJ,39,3,Engineering Manager,PhD,19
GHWEEFZpcg,37,6,Engineering Manager,Bachelors,9
dMeGprlaoD,33,2,Product Manager,PhD,39
zmPwVUPUOC,52,6,Technical Project Manager,Masters,8
jQSgcQpUrX,51,4,Data Scientist,Bachelors,13
txpoYMEXIE,46,4,Engineering Manager,Bachelors,5
DKvKAVmuwW,21,3,Software Engineer,Bachelors,29
UHkUlBjVEK,29,4,Engineering Manager,Bachelors,26
yBsDlPhvIb,50,1,Data Scientist,Masters,35
nfbbzAFlKJ,49,4,UX/UI Design Lead,PhD,30
uaPfouXXHp,34,1,Engineering Manager,Masters,24
exZlYwSTbe,46,6,UX/UI Designer,Masters,9
ajtWQyVrFI,55,6,Product Manager,Bachelors,34
SBjAwePHux,20,4,Data Scientist,PhD,33
XzjTUmPnBw,52,3,Web developer,Masters,34
ztNXYzQsTT,33,0,Software Engineer,PhD,1
coobmmfXga,49,4,Engineering Manager,Masters,0
zcHjnGKRoC,39,0,DevOps Manager,Masters,23
TCJwcLNFaF,26,6,UX/UI Designer,Masters,37
XmkPXMjNhP,34,1,Product Manager,PhD,0
CQqQQwgHiB,43,3,Web developer,PhD,36
ZwhuIVHdmB,31,1,Product Manager,Masters,22
snnGNrmdgK,53,5,Senior Systems Engineer,PhD,30
pXRNpTEwce,38,6,DevOps Engineer,PhD,40
eZfSGXQByK,47,1,UX/UI Designer,Bachelors,31
REHAGjTCJT,57,5,Web developer,PhD,21
AtVOuVwkRt,29,4,Engineering Manager,PhD,22
NeNzQDkPbI,22,6,Technical Support Specialist,Masters,10
vVLfMtRmhe,33,4,Senior Systems Engineer,PhD,35
KYvBzczwnj,54,5,Technical Support Specialist,Masters,27
RGBpYLmJwm,29,6,Senior Systems Engineer,Masters,16
pOnlCjGIDU,41,5,DevOps Manager,PhD,36
TqEQGuskke,50,4,Data Scientist,Bachelors,26
HGZEVwxLJc,54,2,Product Manager,Bachelors,9
Ormoglqork,38,3,Technical Support Specialist,PhD,18
loMAEEFPHs,43,2,Technical Project Manager,PhD,20
plOgCquUCt,40,3,Technical Support Specialist,Masters,40
lDSRmEksyP,25,0,Data Analyst,Bachelors,36
yfxVDskDiz,40,0,Data Scientist,PhD,19
RmOgXIkxZu,50,6,Technical Support Specialist,Masters,27
RTUZbfKNCi,23,3,UX/UI Designer,Bachelors,25
hIlbESmrXl,51,3,Technical Support Specialist,Bachelors,34
dxPqIstGgD,49,0,Product Manager,Masters,28
VzXcMtGtyb,31,3,UX/UI Design Lead,Bachelors,27
SgBJNBMkMT,32,3,Senior Systems Engineer,Masters,22
KfpHoJBfAn,57,4,Data Scientist,Masters,20
pCeFKygNbW,20,4,Data Scientist,Bachelors,38
eRjUKlVzzZ,27,2,Web developer,PhD,30
YpqmGtUaFW,32,0,DevOps Manager,PhD,9
weflKpCuoI,23,2,UX/UI Designer,Masters,12
ZCDWDYZOYF,48,6,DevOps Manager,Bachelors,14
QKHrlPRKJx,27,2,Systems Engineer,PhD,24
pNkusXzZGd,41,5,Systems Engineer,Bachelors,12
BYILvIbHhW,34,6,Data Scientist,Masters,20
SNJtobhpPX,21,2,UX/UI Design Lead,Masters,14
mICXwsfzfO,20,4,Product Manager,Masters,9
pJjwixevho,26,0,Technical Support Specialist,Bachelors,19
JxBBdcGzpQ,25,3,Systems Engineer,PhD,13
MYvxxzPEBd,43,2,Data Analyst,Masters,32
FayAsFLvKU,59,0,Engineering Manager,PhD,32
aSTYAJudAJ,42,6,Engineering Manager,Masters,6
ZMQovZoVDb,51,5,Technical Support Specialist,Bachelors,16
ImstxDnwzQ,35,0,Senior Systems Engineer,Masters,34
VEecJVyNNl,41,6,Data Analyst,PhD,9
JUnimuPgBl,29,2,DevOps Manager,PhD,5
TKuMWOQPzf,31,4,Technical Support Specialist,Bachelors,16
VZqAVnikbK,42,4,Data Scientist,PhD,14
BRuljJcmwo,55,2,Data Scientist,Bachelors,10
RGuqOXSkbB,37,6,DevOps Engineer,Masters,31
fGHshmbCcf,34,5,Systems Engineer,Bachelors,39
RoYIQbxdVs,39,3,DevOps Engineer,PhD,22
jeJZVGzJdN,40,6,Data Analyst,PhD,17
LOpavXtyJJ,34,0,DevOps Manager,PhD,30
KhFEQPkOKj,33,3,Web developer,Masters,26
OBaNiEUQsU,46,2,Technical Project Manager,Masters,4
VdZOQHuqEj,33,1,Product Manager,Bachelors,1
FLfrlQlzxz,24,5,Technical Support Specialist,Masters,21
drppuLgsAy,49,6,Product Manager,Bachelors,39
jjZptpzTPD,48,2,UX/UI Designer,Masters,9
UwDQpeCWnU,52,3,Senior Systems Engineer,Bachelors,40
bTilBUDfBp,53,2,UX/UI Designer,Masters,5
adheVrGLbc,20,3,DevOps Manager,Bachelors,9
BzKLJabSds,23,0,Web developer,Bachelors,10
kfizhAWhqB,52,3,Web developer,Bachelors,4
WbfEZShuhd,33,2,UX/UI Designer,Bachelors,11
hHAdxKWadC,34,4,Technical Project Manager,PhD,18
rIECRocYrt,30,6,Software Engineer,Bachelors,6
hjNfrdRnre,50,1,Technical Support Specialist,PhD,31
CwuUWynGot,37,0,DevOps Manager,Bachelors,8
NiyjzZoGcu,49,1,Software Engineer,Bachelors,9
KBxxyjCqBG,31,5,Senior Systems Engineer,Masters,2
GDGORowDax,22,2,Data Analyst,Bachelors,25
vDKhRBBeBu,26,5,Product Manager,Masters,37
bixUWKbKGj,50,1,Product Manager,Masters,11
jiDBrbxBhg,35,4,Product Manager,Bachelors,11
pOppHtnQkZ,27,6,Engineering Manager,Bachelors,19
DntTMYkSfn,53,0,UX/UI Design Lead,Masters,28
anlwJCbtNV,26,4,UX/UI Design Lead,PhD,7
CxPznDPntB,58,3,Web developer,PhD,37
eXLfJtPpFx,48,1,Web developer,PhD,11
pZIMwUnEPO,37,3,Data Scientist,Bachelors,6
IFvumuRRKN,32,4,Technical Project Manager,Masters,39
GDEYXkGCRs,20,2,UX/UI Designer,Bachelors,31
FqLrlbMcYN,43,6,Product Manager,PhD,20
mLUllTAUcv,24,2,Systems Engineer,Bachelors,27
tPFWZgUdYN,52,5,Web developer,Masters,30
yaDQzacktH,29,5,Web developer,Masters,17
rddEZxRxdA,42,5,Product Manager,Bachelors,0
VVXaPOIJBV,48,1,Data Scientist,Masters,40
MdTDSPHVlO,47,6,Systems Engineer,Bachelors,2
FeShaICWWa,33,4,Data Analyst,PhD,38
YGNNiGpdEA,39,6,Software Engineer,Bachelors,18
pdGHvSjJqL,29,6,Technical Support Specialist,Bachelors,14
BzEJibkEQT,60,5,Web developer,PhD,9
FfmueFsDJm,53,1,UX/UI Design Lead,Masters,33
EQmTdWzwvm,52,3,Technical Support Specialist,Bachelors,36
RTvgxHdEEq,37,6,Web developer,Masters,27
htydMTPSOm,22,0,Technical Project Manager,Masters,12
GQXkjWkqKj,48,6,Senior Systems Engineer,Masters,33
sHtmyiePII,44,0,UX/UI Designer,PhD,28
LDoqZXidUH,20,5,Software Engineer,PhD,3
yKsyMcXpHd,42,6,Data Scientist,Bachelors,16
BAdVyOmlSK,29,5,DevOps Manager,Masters,32
VryrilFBlA,45,3,Technical Support Specialist,Bachelors,16
krcppwBVkw,42,5,Data Scientist,Bachelors,19
KEwqGautKq,21,0,Technical Project Manager,Masters,38
IkeSnImAzq,42,1,UX/UI Design Lead,Bachelors,16
QgUgvDPrYA,22,0,Software Engineer,Bachelors,23
BqdMqypWIs,23,5,Product Manager,PhD,9
fUgfVsInVD,56,0,Technical Project Manager,PhD,18
UIMzCaCLlH,42,0,Data Analyst,Masters,19
KWIqdexVoO,36,3,DevOps Engineer,Bachelors,28
clBrSxjyIZ,26,4,Web developer,PhD,23
fZtUnxZqpU,45,1,Technical Project Manager,Masters,33
RwBNyLPPiK,38,5,DevOps Engineer,Bachelors,1
gOUjEzGrBQ,58,6,Technical Support Specialist,PhD,23
SEDEXUDyOx,24,3,Senior Systems Engineer,Masters,4
dLvePCCxev,27,6,Software Engineer,Bachelors,4
brRtTNXMMs,59,6,Systems Engineer,Bachelors,19
UDputKcpij,42,4,Engineering Manager,PhD,31
jKLNBiAOaF,44,6,Data Analyst,Masters,7
TbDbKbIAay,52,6,Software Engineer,Masters,13
YOmiVoFcNE,60,0,Data Analyst,PhD,7
nkJnVeXVdy,38,2,Web developer,PhD,7
TrDhGKQDqL,30,5,Technical Project Manager,Bachelors,35
DdLbmIXUVi,49,4,Technical Support Specialist,PhD,38
JOrkhJGGvI,47,1,UX/UI Design Lead,PhD,6
HwxbevZfyP,25,3,Engineering Manager,PhD,33
TeroHvoUcK,59,0,Senior Systems Engineer,Masters,29
PYrcqcpoJy,59,3,Senior Systems Engineer,PhD,26
bDLerkIFYX,36,1,Data Analyst,Bachelors,31
wqZbgLSFQJ,57,1,Data Analyst,Bachelors,19
fBETwtVqtL,47,6,UX/UI Design Lead,PhD,28
PbEBWCLacR,52,0,Engineering Manager,Masters,40
DJArffzzWi,53,2,Data Analyst,Masters,27
hksGLlJIPT,33,1,Senior Systems Engineer,Bachelors,33
SKtilQoyEO,44,4,DevOps Engineer,Masters,6
RuggdIARzi,44,0,Technical Support Specialist,Masters,5
mWCFMqWmBE,25,0,Data Analyst,Masters,26
UMfEDllujB,20,1,UX/UI Designer,Bachelors,30
KMpJKjWHvC,37,0,Data Scientist,PhD,6
hkHbknvIcq,35,2,Product Manager,Bachelors,26
lUHVXgXgSi,35,2,Web developer,PhD,12
ENhMBlXmOp,51,0,UX/UI Design Lead,PhD,36
VaujzpnBBj,35,3,UX/UI Design Lead,PhD,29
txmmILshJH,54,2,DevOps Engineer,Bachelors,33
aKBKFfQXUQ,50,1,DevOps Engineer,PhD,27
jgLfJLvUuW,56,4,DevOps Engineer,Bachelors,22
qMNvOmKnYV,47,1,Engineering Manager,PhD,8
uBFbeNsdWQ,41,3,UX/UI Design Lead,PhD,14
HsiXmSksYW,59,3,UX/UI Designer,Bachelors,39
sInJycaOMD,56,0,Data Scientist,Masters,13
jNMUJoOwHx,40,6,Data Analyst,Masters,2
kBGDcqaPCD,46,5,Product Manager,Bachelors,10
yombWFlhan,60,6,Software Engineer,Bachelors,34
LqgVnCwVny,33,6,Software Engineer,PhD,14
OCiHLtapgS,39,5,UX/UI Design Lead,PhD,2
jTJJjdFYEf,22,1,Software Engineer,Masters,28
IbsOAztRWU,57,5,Data Analyst,PhD,23
fGptCAOPLh,37,0,DevOps Manager,PhD,18
sCJPpEdIKg,44,2,UX/UI Designer,Bachelors,5
EQGydFLgWw,53,2,DevOps Engineer,Masters,20
HyekxAaYeF,54,2,Data Scientist,Bachelors,30
wegWTjtaCi,30,0,Product Manager,Bachelors,38
WxnRvKkQyR,37,4,Technical Support Specialist,PhD,30
OnGiqlBZJp,38,6,Technical Support Specialist,PhD,38
ASqDUaJqeY,30,4,UX/UI Design Lead,Masters,2
yOatRxMFWJ,45,4,Technical Project Manager,Bachelors,14
tFycDFymxe,21,4,Technical Project Manager,Masters,29
KbFHGWqVIc,58,2,Senior Systems Engineer,Bachelors,9
VtzhqUilJq,22,1,UX/UI Design Lead,PhD,39
cVKuvOaDkv,54,0,Technical Support Specialist,PhD,15
bFpBgBYqWi,24,0,Engineering Manager,Bachelors,31
lFLGqaVLSO,21,2,Software Engineer,Bachelors,30
khgbATCluJ,22,5,Web developer,Masters,21
HYwCJCLFbC,39,0,Systems Engineer,PhD,25
KMHPTBHohC,20,3,DevOps Manager,PhD,27
pZvTJKxzaO,24,3,Data Scientist,Bachelors,26
adqiBmorOZ,22,1,Data Scientist,Masters,30
lktUNQaFka,51,4,Software Engineer,Masters,8
hGPaMXAiQB,48,2,Product Manager,PhD,24
jgBLrqaqLL,52,1,DevOps Engineer,PhD,38
EZJqkNHZla,33,5,DevOps Engineer,Bachelors,10
fOlzDYCxzF,47,6,UX/UI Design Lead,Bachelors,2
SkNOigVZRa,59,1,Web developer,Bachelors,28
crkaWosZxd,34,2,Technical Support Specialist,Bachelors,33
cQHxJWXtDo,31,4,UX/UI Design Lead,Masters,11
VaGzmFBEDx,58,5,Product Manager,PhD,38
tpnBkxvNcS,57,3,DevOps Manager,PhD,28
aWWSbMSnIV,32,6,Engineering Manager,Bachelors,39
mLYsUNOJXh,32,5,UX/UI Designer,Masters,32
nVpgSiMDpy,50,0,UX/UI Designer,Masters,17
ubTCMrkCZL,35,3,Data Scientist,Bachelors,25
rlyGQgfdVg,55,4,Web developer,Masters,39
VPFxZPnoLc,37,6,Engineering Manager,Bachelors,2
XFivmjKIBn,33,2,Data Scientist,Masters,1
YpAxVwwKAs,35,6,DevOps Manager,Bachelors,6
bIYTaoPRHW,43,0,Senior Systems Engineer,Bachelors,0
DoNjqPFGgO,60,4,UX/UI Design Lead,Masters,38
SqCWKgJhXM,52,6,Product Manager,Bachelors,39
QfVDDKLONT,36,0,Data Scientist,Bachelors,16
spBnWoLArs,39,0,DevOps Manager,Masters,28
rRojyXBXxG,45,6,UX/UI Designer,PhD,1
mhZpSHXsFM,32,6,Product Manager,Masters,17
ekmseePwSG,36,2,Technical Support Specialist,PhD,16
wBNFralIMu,32,3,Senior Systems Engineer,Masters,10
MZoOHTPaUt,25,6,UX/UI Designer,Bachelors,31
saRfPOpmuh,32,2,Senior Systems Engineer,Masters,23
pxFcESBwTY,48,6,Product Manager,Bachelors,1
vItKjOXtKb,43,4,Data Analyst,Bachelors,21
QmaEMyxUBf,33,0,Systems Engineer,Bachelors,3
kXEgEHzemo,24,6,Data Scientist,Bachelors,10
lgKVPVIqYJ,48,3,Senior Systems Engineer,Bachelors,5
KGoUpDfZje,50,0,Systems Engineer,PhD,32
pwWnyTIqHU,55,5,UX/UI Design Lead,Bachelors,32
dzYvsTCwkl,42,4,UX/UI Designer,Masters,33
mCiMhDxpyW,42,5,Web developer,Bachelors,8
UVwzQxycwD,51,0,Technical Support Specialist,Bachelors,26
VwdJeFlZIp,27,4,Systems Engineer,PhD,11
xxCusYBIZh,34,3,Data Analyst,Masters,24
nwzFmsSLiL,38,5,Engineering Manager,Bachelors,35
wCXhYxyRvi,34,4,Technical Support Specialist,Bachelors,38
IENeEtUbsl,28,4,Systems Engineer,Bachelors,20
ivCEDovjjs,23,0,Product Manager,PhD,11
WalpkXcRGb,25,3,Product Manager,PhD,28
BwAGxdVovP,32,2,Web developer,Bachelors,35
xcSmSXJxYB,46,4,Technical Project Manager,Masters,2
jeKiGsjgwz,45,0,Senior Systems Engineer,Bachelors,2
liHFdHvbcm,44,6,Systems Engineer,Bachelors,31
LSkaPYilWD,60,2,Technical Support Specialist,Bachelors,20
dnaFpYmyHM,35,1,UX/UI Design Lead,PhD,24
eayUTEGViB,38,5,Data Scientist,PhD,12
ealhIaytxW,36,4,UX/UI Designer,PhD,24
QGdlgBhJqu,35,6,Systems Engineer,PhD,29
bDKHCFwWtZ,25,5,Software Engineer,Bachelors,28
NtgDsWqMNc,50,5,DevOps Manager,Bachelors,6
PyccbpEBZZ,55,5,UX/UI Design Lead,PhD,4
HwnNmAtCfF,60,6,Product Manager,Bachelors,0
nOIahzPmxA,30,0,Technical Project Manager,PhD,18
EeyAWqgdfe,28,4,Systems Engineer,Masters,17
zKnaLIKdly,23,0,UX/UI Design Lead,Masters,15
fGRXqGJcUA,22,5,DevOps Manager,Masters,23
EkEecgTnCl,56,3,DevOps Engineer,Bachelors,35
BgFkVXpFzb,37,2,Product Manager,Masters,21
HanwcfXBgR,55,4,UX/UI Design Lead,Bachelors,4
QUPsmRxGhD,49,4,Engineering Manager,PhD,32
IvQMLPWgeh,25,5,Web developer,Bachelors,39
lgDouZlYay,60,5,UX/UI Design Lead,PhD,14
shxXrZmlGC,43,2,Engineering Manager,Masters,3
jeHGlCKTmz,55,0,Data Analyst,PhD,26
KzaBtxGIUR,58,2,Software Engineer,PhD,29
epZISVXecC,58,1,Software Engineer,Masters,11
AnCrIhCGbq,44,3,Web developer,PhD,22
rqaofDsWKY,57,5,Technical Project Manager,Masters,30
mpuLdjxdhI,31,2,Data Analyst,PhD,27
pqqWGDVFth,41,1,Technical Support Specialist,PhD,31
iquNrNawOH,54,3,Technical Support Specialist,PhD,23
txgZSiNlHr,49,6,Engineering Manager,PhD,4
cUdDtoDcqd,48,6,Systems Engineer,Masters,4
UObACtANJI,30,6,Web developer,PhD,37
APpNOnyojE,46,1,Software Engineer,Bachelors,28
ZrYsvATFJJ,26,5,Senior Systems Engineer,Bachelors,27
kStluGrgib,49,0,Web developer,Bachelors,8
tzWUegCXjD,42,3,Product Manager,Bachelors,16
XdcsBRnrxl,25,3,Web developer,Masters,38
fjYmjLFCiv,34,1,Senior Systems Engineer,Masters,23
ZannReXTZm,33,4,Software Engineer,Bachelors,39
LTrREzXbRV,53,6,Data Scientist,Masters,35
OqniXcNbLd,40,4,Engineering Manager,PhD,26
cIJOwvCIDJ,49,1,Systems Engineer,PhD,14
FjMZvumXWu,49,1,Systems Engineer,Bachelors,28
XsQZeysIEY,33,2,UX/UI Design Lead,Masters,8
hWWDRWTuVU,42,0,Data Scientist,Bachelors,22
azjcjOEDqu,48,5,Data Analyst,PhD,1
XJKKmfOXtr,51,6,Systems Engineer,Bachelors,19
PmaXgXbRRd,30,2,Software Engineer,Bachelors,27
xKCHmbRPeT,57,6,Product Manager,PhD,5
uwQrxlGgum,42,1,Technical Support Specialist,Bachelors,7
JvBhXYBYwj,20,2,UX/UI Designer,PhD,14
RgNqueYkCs,33,0,DevOps Engineer,Bachelors,17
BvmCfOckEX,43,0,Technical Project Manager,Masters,22
ZxXNcYpImW,50,4,Data Analyst,Masters,28
KzFIjMnErK,39,6,Software Engineer,Bachelors,19
DkhslvJpVl,21,5,Engineering Manager,Bachelors,28
ListobPvvA,58,6,DevOps Manager,PhD,38
LFxZAdXxck,43,5,Product Manager,Bachelors,21
JjkjFIjtQp,55,6,UX/UI Design Lead,Masters,5
VDGAqsMVkW,55,5,Senior Systems Engineer,PhD,22
VVNDbraFZn,56,5,DevOps Manager,Bachelors,16
YLlZITbTHR,34,0,UX/UI Designer,Masters,1
ISSHFinvnU,37,3,DevOps Engineer,Masters,13
RFLkSEgLLr,31,0,Software Engineer,PhD,11
akIZrWFpDB,30,4,Data Scientist,PhD,40
SmjfKpEDpS,57,2,Engineering Manager,Masters,36
fZGTwzEbve,53,5,Systems Engineer,PhD,24
ZEYQdebnuQ,48,0,UX/UI Designer,Bachelors,1
oTweXnVQyf,51,1,Systems Engineer,Masters,13
izEtlhXOsW,50,1,DevOps Manager,Bachelors,36
JdxshSEhMs,27,0,DevOps Manager,PhD,27
wqZCcCRggZ,50,5,Software Engineer,Bachelors,4
hDQkLUBQOs,26,0,DevOps Engineer,Masters,6
rNvhZcjPnS,54,6,Senior Systems Engineer,Bachelors,12
ngkzlRDZJc,54,5,Technical Project Manager,PhD,26
vGgYUuihOC,23,5,UX/UI Design Lead,Bachelors,25
zjBbjQCeml,23,1,DevOps Manager,PhD,24
iYSoxfHVUb,55,6,DevOps Engineer,PhD,19
OkOflidJni,57,2,DevOps Manager,Masters,12
rUnSTBZszi,22,0,Product Manager,PhD,0
gYLaQsArZy,49,5,DevOps Engineer,PhD,30
bMQigiGebp,37,2,Technical Project Manager,PhD,11
sLNTsXURga,54,2,Data Scientist,Bachelors,40
JdNLqEYifK,44,6,Technical Project Manager,PhD,12
OdFFpITywL,42,1,UX/UI Design Lead,Bachelors,6
tQEJKQrdmO,20,3,Systems Engineer,PhD,28
VPbmTDkkID,42,3,Engineering Manager,Bachelors,20
IjCWeaICUo,54,3,Technical Project Manager,PhD,28
aDDxOYaGZb,25,4,Product Manager,PhD,2
VAYsvBVjhQ,26,5,Software Engineer,Bachelors,15
mrzTKOEMpy,37,4,Technical Support Specialist,Masters,29
KFbpHUvymA,50,2,DevOps Engineer,PhD,26
myAmJxKAOa,25,1,Systems Engineer,PhD,9
vwaqIHXxKT,49,3,Product Manager,PhD,13
cCHsFkjNmQ,57,0,Systems Engineer,Bachelors,18
rKdGGOXeyN,51,6,Technical Project Manager,Masters,9
JIXBNLtSUb,34,0,Systems Engineer,PhD,36
yTcyapuCdG,44,3,Systems Engineer,Bachelors,0
JcJNfaePNR,32,6,Technical Support Specialist,PhD,11
MHsFrRACeS,45,1,Senior Systems Engineer,PhD,2
aEvIzzndre,59,4,Engineering Manager,PhD,33
wIcbAbHTth,36,5,UX/UI Designer,PhD,33
GkvqkYlRmq,30,5,Senior Systems Engineer,Masters,11
YYAlltzSfH,39,0,Technical Project Manager,Masters,14
azfAmyjyHS,20,1,Technical Support Specialist,PhD,17
dJaHjWovfc,33,3,UX/UI Designer,Bachelors,26
EqIatFpWdV,47,6,DevOps Manager,Masters,14
XUVoyKhvNd,47,4,Software Engineer,Masters,22
HwBTSpzwdh,48,4,Data Scientist,Masters,29
wpNgGvNjSB,31,5,Data Analyst,PhD,36
aKivRPfbJY,36,4,Technical Support Specialist,Masters,32
fxVStoWCbn,52,2,Systems Engineer,Bachelors,8
gNfqXJdwYg,54,0,Technical Project Manager,Masters,20
GIQaQJmiag,56,1,Data Analyst,Masters,18
OfmkaruCcH,51,4,Product Manager,Masters,29
HXPVsMrhbi,41,5,DevOps Engineer,Bachelors,31
XyLenmzKkl,58,1,DevOps Engineer,PhD,30
DHTuqrXIwM,43,0,Technical Project Manager,PhD,13
LPPNbWXUOI,43,2,Systems Engineer,PhD,28
zssCpYhdFu,38,2,Web developer,Bachelors,34
LuIufqPnIe,50,5,Technical Project Manager,Masters,17
sapZonYGHo,26,0,DevOps Engineer,Masters,34
ojitcANlip,49,3,UX/UI Design Lead,PhD,28
tQVJraBqWq,41,0,UX/UI Design Lead,PhD,36
NcPBGNvtCV,45,6,UX/UI Designer,Masters,6
AXyycfuxry,34,1,DevOps Manager,PhD,7
UNHROnZeKN,31,6,Technical Support Specialist,PhD,9
KCOBYlUGVi,57,0,UX/UI Designer,Bachelors,35
QdhqiSIRHN,24,1,Systems Engineer,Bachelors,6
FwdjoeYQYs,54,4,Senior Systems Engineer,Masters,31
MVWmmygOEQ,44,3,UX/UI Designer,Masters,8
xOnyNEcSTl,31,4,Technical Project Manager,Bachelors,32
XZOivSVygX,30,6,DevOps Manager,PhD,29
kKQgOqSCQw,49,2,Web developer,Masters,26
mPathpcUYT,35,5,Technical Support Specialist,Bachelors,32
CGbaBMpTaO,51,4,DevOps Engineer,Bachelors,9
oUuhqiBkAh,20,0,Technical Project Manager,PhD,9
OKkdaGXzhI,54,1,DevOps Manager,Masters,12
uygMkAzDyd,49,4,UX/UI Design Lead,Bachelors,20
NCHXrJzlFx,47,1,Engineering Manager,Masters,34
tYaHxjtGxV,45,4,Product Manager,Bachelors,17
QrzmoBGmgX,27,5,Technical Project Manager,Masters,12
ItmPkqoTVm,59,3,Technical Support Specialist,Bachelors,17
BwEHCCiQDv,31,6,Systems Engineer,Bachelors,29
NBuTlqPDsd,42,6,Technical Project Manager,Bachelors,24
LxyIegWupM,59,1,UX/UI Design Lead,Masters,12
dFLjDmlxRU,54,6,DevOps Engineer,Masters,0
dYDKZROLfG,31,5,Product Manager,PhD,16
nhXyFuYxYa,52,0,DevOps Manager,PhD,32
AbGVGXJKwY,31,1,Technical Support Specialist,Masters,10
mZdxPEnlYl,22,2,DevOps Manager,Bachelors,17
UAZZppzQLa,43,4,Data Analyst,Masters,22
nAAivZUUzI,21,1,Engineering Manager,Masters,16
ypQwPkYPiT,38,2,Product Manager,Bachelors,24
NAmRPYMnIu,56,2,DevOps Engineer,PhD,18
OiPcHDyStP,20,3,Systems Engineer,Bachelors,17
nOgsDhTDZx,34,6,Engineering Manager,Bachelors,15
uwpvftWSLi,41,0,UX/UI Design Lead,Bachelors,38
NXSJnoOmZJ,39,2,DevOps Engineer,Bachelors,12
zRYdRYgilj,55,2,DevOps Manager,Masters,31
DHjgKrWhWd,31,5,Technical Project Manager,PhD,17
ogCIoerWsy,41,6,Data Analyst,Bachelors,14
tKEBXFfchr,52,4,Product Manager,Masters,33
DCEJiDFlRa,48,3,UX/UI Design Lead,Masters,34
QWZghboQpV,52,6,Technical Support Specialist,Bachelors,2
dtYFLKabKk,21,0,Product Manager,Masters,29
xSixyyrcEL,34,5,Data Scientist,Masters,2
YeQonagiOv,38,0,DevOps Engineer,Bachelors,18
gTYyleRJbS,30,1,UX/UI Design Lead,Bachelors,23
zPmcNhEYxi,27,2,Data Analyst,Bachelors,15
EacgLNCxDB,26,6,Systems Engineer,Masters,4
qHrjRlTAKt,27,6,Data Scientist,Bachelors,32
KquCaaffgP,23,2,Software Engineer,PhD,0
RTkHVBiFNX,46,5,UX/UI Designer,Bachelors,25
bmYlJfVmjx,45,6,Systems Engineer,Masters,20
FUJWNTNwef,44,3,Software Engineer,Bachelors,33
aFfMEWvkwp,49,1,Data Analyst,Bachelors,25
YGhWUKcXRz,42,2,Product Manager,Masters,19
TYYwjPuMpi,25,6,Data Analyst,Masters,19
QQPRnOIWnv,39,4,Senior Systems Engineer,Bachelors,9
vPweMdsMsU,34,5,Systems Engineer,Masters,9
cizceixWic,56,1,DevOps Manager,Masters,27
FEPUmhxjOw,57,2,Software Engineer,Bachelors,3
eJZjkPdGrQ,31,1,Software Engineer,Masters,12
NtxHwNUDiv,20,4,UX/UI Designer,Masters,9
KIkcqJiyaN,42,5,UX/UI Design Lead,PhD,32
GHCzHJndXZ,22,2,Data Scientist,PhD,21
qmxvCkVLEW,20,5,Software Engineer,Bachelors,6
GMAPnNCfGc,48,2,UX/UI Design Lead,PhD,27
GBfMSutVQM,23,2,UX/UI Designer,Masters,26
ygvkHSHqNh,35,6,DevOps Manager,Masters,28
qCZhodsuDB,37,2,Data Analyst,Masters,20
bfEnyUeyRY,21,5,UX/UI Design Lead,PhD,2
xDqIdaZhWD,51,6,Product Manager,Bachelors,19
ZFbjYKbCeG,27,5,Engineering Manager,Bachelors,32
IcyuUNSuCE,57,3,UX/UI Designer,PhD,22
haxJBjREEd,38,3,Technical Support Specialist,Bachelors,20
rbKOhcbJQF,34,2,Data Scientist,PhD,34
zCCUinivIA,21,5,Product Manager,Bachelors,4
flJkmSwiuG,52,0,DevOps Engineer,PhD,32
XdWiUAcICD,54,4,Senior Systems Engineer,Bachelors,24
aHyKvWYVuT,39,4,DevOps Engineer,Masters,1
MdXOcXqSWf,22,6,Technical Project Manager,Bachelors,14
aYydlFrkOG,54,4,Technical Project Manager,PhD,7
WwgwGXzseL,27,6,Product Manager,PhD,34
ajpXVrcdfW,59,0,Software Engineer,Masters,14
CfQrOhHALi,29,1,UX/UI Designer,Masters,15
vafAvEuEzU,38,6,Engineering Manager,Bachelors,6
MCCGAlJeYl,38,0,UX/UI Design Lead,Bachelors,33
mSNwzsyGhG,31,3,DevOps Engineer,PhD,25
dHwZGjyejK,32,6,Product Manager,PhD,19
ZzaVOzPbve,51,3,Technical Support Specialist,Masters,11
DDXRnTgWoY,43,3,Systems Engineer,Bachelors,22
HBqNhbMRYO,36,4,UX/UI Designer,Masters,20
oQXROqdEuH,28,1,DevOps Manager,Bachelors,29
ACKXVzQMbv,48,2,Technical Support Specialist,Masters,27
uHJNHSrJVB,56,3,UX/UI Design Lead,PhD,24
iNdYcVZfig,58,2,DevOps Engineer,PhD,3
vKJbNjHesC,29,0,DevOps Manager,PhD,1
VSRRKJJAmh,21,0,Product Manager,PhD,23
kBhMgSgKId,22,2,Technical Support Specialist,Bachelors,31
TIMujObBOg,25,5,Software Engineer,Bachelors,22
EaERdYafYV,30,5,DevOps Manager,Masters,23
GkYRuqhkAZ,45,0,UX/UI Designer,Bachelors,33
xUNHXIOges,59,0,DevOps Manager,Masters,29
PVwhZxDjUU,20,4,Systems Engineer,Bachelors,4
bxppsIXhQP,23,1,Engineering Manager,Masters,2
qhkmmdSPRA,39,1,DevOps Manager,PhD,31
UdjTclPryf,26,3,DevOps Engineer,Masters,40
CHCSDRnHwe,33,6,Data Analyst,Masters,31
SlGKwiEYwX,42,0,DevOps Manager,Masters,9
eiwxVVsmnk,55,1,DevOps Engineer,PhD,35
JZMTUbxkJJ,41,0,UX/UI Design Lead,Masters,6
CkpePKhhVn,56,6,Software Engineer,Masters,13
OPchDdaslx,38,0,Product Manager,Bachelors,8
dnBMUtYFaO,31,2,Senior Systems Engineer,Bachelors,28
npUhEOebXt,36,0,Data Analyst,PhD,4
IKjPUEoTxU,41,2,Systems Engineer,Bachelors,35
dMoXJmLeaQ,42,5,Web developer,PhD,34
GduVMjwSPi,32,6,UX/UI Design Lead,PhD,12
CTPuSPngkA,33,1,Software Engineer,Bachelors,27
NjOuCAbUAu,51,3,Technical Project Manager,PhD,10
czEmPutwoY,32,0,Product Manager,Masters,23
KzERKGyMCh,53,1,Senior Systems Engineer,Bachelors,1
XTIzMsZBdu,41,3,UX/UI Design Lead,Masters,30
avqkqimHzr,55,5,Technical Support Specialist,Masters,5
TCRRdLKoqb,42,4,Software Engineer,Masters,39
